,danceability,energy,key,loudness,mode,speechiness,acousticness,instrumentalness,liveness,valence,tempo,duration_ms,year,popularity,artist
44,0.152,0.334,7,-4.735,1,0.0306,0.639,6.95E-05,0.115,0.161,71.728,215867,2013,50,Sia
54,0.575,0.821,0,-5.7,1,0.0527,0.181,0,0.124,0.449,118.021,238000,2013,30,James Blunt
92,0.551,0.836,10,-3.838,0,0.0524,0.00502,2.10E-05,0.0425,0.758,185.063,220573,2013,72,Sara Bareilles
111,0.646,0.431,6,-8.517,1,0.0262,0.637,6.99E-06,0.113,0.292,90.034,220627,2013,64,Echosmith
153,0.56,0.756,7,-4.817,0,0.0415,0.00635,1.29E-05,0.55,0.404,179.771,223546,2013,18,Katy Perry
195,0.602,0.923,5,-3.763,1,0.044,0.0098,0,0.0561,0.765,136.01,216013,2013,76,Paramore
196,0.664,0.642,6,-5.961,1,0.038,0.129,0,0.114,0.501,118.002,209693,2013,68,Phillip Phillips
198,0.439,0.489,8,-6.286,1,0.0368,0.132,0.000643,0.114,0.253,143.808,250707,2013,69,Christina Perri
199,0.631,0.819,9,-4.24,1,0.122,0.0767,0,0.1,0.733,125.928,233173,2013,65,Demi Lovato
203,0.6,0.663,3,-5.802,1,0.0477,0.225,0,0.119,0.286,121.07,245493,2013,81,One Direction
209,0.681,0.709,9,-6.488,1,0.041,0.0749,0,0.266,0.591,127.44,214148,2013,62,Bastille
212,0.531,0.77,11,-7.205,0,0.0434,0.0332,0,0.235,0.504,85.996,255907,2013,11,Aloe Blacc
217,0.691,0.575,6,-7.431,1,0.102,0.159,0,0.271,0.402,99.984,193059,2013,12,Lorde
220,0.545,0.78,7,-4.867,0,0.0436,0.0309,4.64E-05,0.0828,0.458,125.014,255093,2013,21,Avicii
224,0.422,0.264,8,-7.064,1,0.0322,0.922,0,0.132,0.331,119.93,269560,2013,86,John Legend
238,0.719,0.671,8,-6.279,1,0.0336,0.0372,8.21E-06,0.12,0.786,130.027,237627,2013,71,Echosmith
241,0.635,0.691,0,-4.862,1,0.258,0.555,0,0.097,0.638,82.142,217419,2013,68,Jason Derulo
277,0.558,0.924,9,-4.341,0,0.064,0.0271,3.32E-06,0.537,0.567,151.99,186827,2013,69,Fall Out Boy
318,0.426,0.599,11,-7.737,1,0.0282,0.0198,0.00142,0.366,0.102,91.995,275547,2013,51,Hurts
319,0.463,0.583,11,-8.049,0,0.0497,0.00243,0.00349,0.111,0.12,123.058,246200,2013,43,Hurts
367,0.673,0.827,5,-7.18,0,0.0416,0.0193,0.000227,0.0885,0.346,124.999,214206,2013,8,Bastille
369,0.485,0.915,2,-3.469,0,0.0544,0.00441,0.00112,0.0987,0.201,126.027,240289,2013,13,John Newman
370,0.773,0.867,0,-4.595,1,0.0603,0.145,0.000333,0.105,0.592,117.984,245307,2013,52,HAIM
375,0.688,0.723,6,-6.682,0,0.121,0.0416,0.0002,0.302,0.618,140.023,209187,2013,68,Zendaya
377,0.583,0.911,11,-3.579,1,0.0344,0.14,0,0.273,0.826,86.177,221293,2013,47,Frank Turner
382,0.421,0.631,7,-5.155,1,0.0537,0.00604,0,0.322,0.18,170.045,224240,2013,5,CHVRCHES
390,0.57,0.657,8,-6.987,1,0.0356,0.405,1.86E-06,0.0723,0.41,144.247,218800,2013,52,Bastille
396,0.715,0.763,8,-6.574,0,0.0443,0.0436,0,0.66,0.702,129.967,207320,2013,0,David Guetta
399,0.6,0.905,1,-3.41,0,0.0357,0.00274,0,0.831,0.636,124.032,187027,2013,58,Icona Pop
400,0.499,0.843,6,-2.224,1,0.113,0.0138,0,0.124,0.533,127.932,206480,2013,55,Krewella
403,0.561,0.836,9,-3.939,1,0.1,0.0525,0,0.136,0.517,127.923,226987,2013,60,Jason Derulo
413,0.407,0.827,9,-5.925,1,0.382,0.000711,0,0.112,0.506,191.967,232067,2013,0,P!nk
457,0.686,0.633,9,-6.073,0,0.0483,0.0231,0,0.0831,0.8,96.027,204285,2013,6,Katy Perry
463,0.449,0.892,2,-3.002,1,0.225,0.0044,0,0.126,0.416,176.129,272417,2013,6,Eminem
465,0.566,0.878,1,-5.39,1,0.0351,0.0195,8.90E-06,0.0898,0.693,93.023,183587,2013,32,Steven Curtis Chapman
466,0.712,0.838,7,-2.679,1,0.313,0.403,0,0.809,0.607,148.138,363521,2013,13,Eminem
467,0.45,0.678,0,-4.688,1,0.0319,0.0916,0,0.096,0.349,150.018,244613,2013,40,David Crowder Band
469,0.384,0.92,0,-4.502,0,0.118,0.00478,0.00371,0.521,0.219,90.017,204933,2013,38,Black Veil Brides
474,0.715,0.874,2,-4.052,1,0.344,0.0232,0,0.246,0.678,95.213,238746,2013,6,Eminem
583,0.42,0.33,4,-6.067,1,0.0319,0.585,0,0.103,0.225,121.583,276666,2013,24,Sam Tsui
594,0.574,0.512,5,-6.664,0,0.0503,0.234,0,0.0946,0.512,76.899,484147,2013,78,Justin Timberlake
599,0.397,0.881,7,-3.166,0,0.0479,0.0589,4.11E-05,0.414,0.344,146.051,200548,2013,32,Kurt Hugo Schneider
617,0.548,0.673,1,-5.29,1,0.0268,0.0158,0,0.0794,0.652,81.947,200533,2013,58,Billy Currington
618,0.532,0.801,2,-3.759,1,0.0393,0.0371,7.07E-06,0.0633,0.799,172.05,193573,2013,8,Randy Houser
770,0.209,0.412,0,-9.733,1,0.0443,0.172,0.15,0.0843,0.162,86.26,305747,2013,79,Kodaline
772,0.488,0.487,4,-6.371,1,0.0307,0.577,0,0.193,0.217,77.344,230267,2013,72,Kodaline
804,0.731,0.572,6,-7.889,0,0.0445,0.105,0.00012,0.133,0.947,154.038,218573,2013,68,Sara Bareilles
824,0.579,0.59,1,-4.322,1,0.0708,0.166,1.09E-05,0.096,0.361,150.189,256093,2013,65,Kanye West
901,0.513,0.405,3,-9.773,1,0.048,0.759,0,0.107,0.929,174.348,120787,2013,49,Frank Sinatra
918,0.657,0.852,11,-6.186,0,0.121,0.0128,0,0.366,0.79,143.004,198040,2013,56,Pentatonix
919,0.488,0.71,10,-5.636,1,0.0718,0.108,0,0.0916,0.82,88.035,210560,2013,45,Pentatonix
920,0.603,0.544,9,-8.297,0,0.0404,0.0412,0,0.216,0.6,132.107,198533,2013,54,Pentatonix
921,0.677,0.436,8,-9.058,1,0.0475,0.806,3.14E-05,0.163,0.467,151.875,157027,2013,44,Pentatonix
922,0.569,0.767,7,-7.235,1,0.433,0.0214,1.74E-05,0.0747,0.659,203.068,181333,2013,52,Pentatonix
923,0.577,0.634,6,-6.99,0,0.0689,0.00319,1.85E-06,0.0741,0.302,125.534,172467,2013,57,Pentatonix
924,0.24,0.0622,0,-10.022,1,0.0327,0.857,0,0.104,0.176,85.502,265893,2013,49,Pentatonix
925,0.717,0.621,11,-7.588,0,0.0605,0.00403,0,0.144,0.72,133.014,248560,2013,64,Pentatonix
926,0.563,0.735,9,-7.305,0,0.0579,0.0226,0,0.123,0.356,128.01,227760,2013,53,Pentatonix
944,0.222,0.267,5,-12.555,1,0.0326,0.791,5.93E-05,0.135,0.0791,75.704,350653,2013,0,Bob Moline
945,0.736,0.836,5,-7.471,0,0.0679,0.122,0,0.374,0.769,116.055,198333,2013,0,Zac Efron
946,0.329,0.158,5,-13.166,1,0.0296,0.933,3.45E-05,0.136,0.206,79.585,143120,2013,2,Disney Studio Chorus
960,0.324,0.416,11,-8.92,0,0.0368,0.262,3.69E-05,0.11,0.151,113.986,236053,2013,76,Lana Del Rey
961,0.674,0.762,7,-3.935,1,0.0686,0.484,2.71E-05,0.143,0.27,150.028,231040,2013,41,Coco O.
962,0.289,0.381,4,-7.738,0,0.0331,0.205,0,0.132,0.0758,114.566,231733,2013,49,Lana Del Rey
971,0.599,0.853,11,-3.878,0,0.0365,0.00123,0.000504,0.37,0.676,94.997,204507,2013,57,Fall Out Boy
974,0.397,0.331,5,-9.027,1,0.0297,0.708,1.37E-06,0.424,0.247,78.702,196347,2013,4,Bastille
982,0.766,0.519,9,-7.355,0,0.0366,0.098,0,0.0855,0.612,129.972,267720,2013,75,Twenty One Pilots
992,0.571,0.519,1,-7.333,1,0.0358,0.193,4.19E-05,0.103,0.343,144.596,231520,2013,54,Mary Lambert
1001,0.432,0.868,6,-2.01,0,0.0882,0.00725,0,0.233,0.567,156.128,176320,2013,67,One Direction
1006,0.732,0.777,0,-4.965,1,0.0347,0.00179,0,0.0707,0.765,119.955,211893,2013,0,R5
1008,0.676,0.819,8,-4.787,1,0.231,0.0515,0,0.307,0.756,89.578,201280,2013,0,R5
1088,0.652,0.757,1,-6.819,1,0.153,0.286,0,0.0886,0.962,159.911,233305,2013,26,Various Artists
1104,0.593,0.724,7,-8.825,0,0.0396,0.113,0.00192,0.113,0.92,182.32,233400,2013,30,The Pointer Sisters
1125,0.617,0.938,2,-3.927,1,0.0483,0.0011,0,0.239,0.688,122.963,217400,2013,28,Betty Who
1195,0.711,0.492,3,-8.119,1,0.0325,0.454,1.45E-05,0.126,0.868,107.917,195293,2013,51,Bettye Swann
1202,0.805,0.607,9,-5.646,1,0.0546,0.587,0.146,0.106,0.943,112.433,173160,2013,47,Betty Bibbs
1205,0.643,0.739,5,-7.708,1,0.037,0.0518,0,0.0783,0.936,123.661,206893,2013,50,Four Mints
1239,0.885,0.447,0,-8.886,1,0.102,0.0481,0.0131,0.0351,0.744,129.956,126880,2013,9,Anna Kendrick
1285,0.32,0.448,5,-10.103,1,0.0299,0.548,0.125,0.272,0.125,85.464,274200,2013,57,The Head and the Heart
1301,0.719,0.665,8,-8.589,1,0.0331,0.15,0.00092,0.144,0.763,96.999,253493,2013,65,John Mayer
1303,0.445,0.407,3,-6.883,1,0.0349,0.95,0,0.227,0.231,131.479,172149,2013,51,Jasmine Thompson
1308,0.314,0.286,10,-10.191,1,0.035,0.935,0.0258,0.0999,0.278,172.021,208154,2013,67,Lily Allen
1311,0.431,0.497,4,-6.501,1,0.0318,0.383,0,0.116,0.414,142.972,234240,2013,38,The Avett Brothers
1318,0.68,0.585,6,-5.898,1,0.249,0.123,0,0.103,0.501,83.791,197847,2013,2,Tori Kelly
1320,0.555,0.729,7,-4.813,1,0.0387,0.00357,0,0.209,0.369,129.003,228879,2013,15,Katy Perry
1323,0.522,0.572,8,-7.834,1,0.0419,0.186,0.0106,0.112,0.353,172.06,185622,2013,45,Ingrid Michaelson
1325,0.617,0.885,5,-4.635,1,0.0478,0.014,0,0.0709,0.372,109.039,219440,2013,2,Bruno Mars
1327,0.536,0.521,7,-4.128,1,0.0274,0.41,0,0.142,0.314,72.06,194707,2013,63,Ariana Grande
1328,0.607,0.818,0,-6.04,1,0.0298,0.0262,1.28E-05,0.136,0.382,121.03,210173,2013,5,Phillip Phillips
1329,0.527,0.413,1,-6.54,1,0.0331,0.0834,0,0.106,0.144,148.777,238333,2013,43,Jake Bugg
1332,0.547,0.932,7,-5.237,1,0.0968,0.00229,0,0.335,0.513,134.981,226200,2013,56,Gavin DeGraw
1336,0.671,0.888,4,-5.184,0,0.053,0.0346,9.90E-06,0.0845,0.717,107.004,226267,2013,0,Yuna
1337,0.335,0.235,0,-11.604,1,0.0281,0.673,0.0029,0.284,0.0618,183.865,243507,2013,42,James Blunt
1338,0.743,0.899,2,-5.675,1,0.0688,0.0792,7.75E-05,0.0838,0.265,111.98,257813,2013,55,HAIM
1341,0.445,0.537,4,-8.532,0,0.04,0.695,1.60E-05,0.0944,0.131,122.764,244360,2013,76,Tom Odell
1354,0.899,0.399,11,-6.553,1,0.038,0.607,1.52E-05,0.0923,0.544,98.067,179347,2013,65,Jack Johnson
1355,0.532,0.795,1,-3.979,1,0.0358,0.0559,0,0.295,0.78,143.837,199267,2013,70,Michael BublÃ©
1356,0.511,0.13,8,-13.119,1,0.0386,0.889,4.47E-05,0.107,0.432,155.158,226982,2013,49,Joshua Radin
1551,0.639,0.912,1,-2.621,1,0.0615,0.00107,0,0.097,0.343,143.448,227520,2013,69,M.I.A.
1589,0.794,0.811,6,-8.966,0,0.038,0.0426,1.07E-06,0.101,0.862,116.047,248413,2013,77,Daft Punk
1591,0.349,0.795,7,-4.133,0,0.0758,0.0102,0.000138,0.0812,0.542,148.985,231987,2013,11,Selena Gomez
1592,0.645,0.877,5,-3.208,0,0.113,0.294,0,0.0759,0.861,82.324,227027,2013,68,Ariana Grande
1660,0.618,0.848,7,-4.36,1,0.0279,0.000469,0.522,0.189,0.413,118.998,209485,2013,32,NONONO
1662,0.569,0.9,11,-3.991,1,0.0562,0.00526,2.96E-06,0.127,0.949,137.964,231893,2013,0,Michael Franti & Spearhead
1664,0.475,0.822,0,-5.359,1,0.0433,0.0239,0,0.101,0.884,180.938,205213,2013,55,Brett Dennen
1683,0.587,0.965,11,-4.106,1,0.101,0.0362,0,0.138,0.825,129.972,204053,2013,62,Pitbull
1684,0.862,0.503,7,-7.703,1,0.0494,0.00453,1.87E-05,0.0761,0.863,119.998,263053,2013,17,Robin Thicke
1686,0.77,0.684,0,-6.854,1,0.0768,0.0219,6.16E-05,0.128,0.479,130.03,283400,2013,11,will.i.am
1695,0.646,0.679,0,-6.788,1,0.0334,0.466,0,0.126,0.342,111.998,266884,2013,48,James Blunt
1697,0.698,0.96,8,-3.595,1,0.142,0.011,1.41E-06,0.435,0.738,147.999,163423,2013,8,Tegan and Sara
1710,0.548,0.532,5,-7.596,1,0.0323,0.186,0.000263,0.217,0.405,85.03,272394,2013,18,Arctic Monkeys
1751,0.613,0.622,1,-5.794,0,0.0334,0.00882,0,0.37,0.484,80.003,231240,2013,78,Miley Cyrus
1752,0.53,0.422,5,-6.262,1,0.0342,0.407,0,0.107,0.349,119.964,221360,2013,77,Miley Cyrus
1753,0.583,0.655,0,-5.407,1,0.0315,0.111,3.57E-06,0.113,0.201,119.759,278747,2013,72,Miley Cyrus
1765,0.825,0.435,1,-9.582,1,0.0568,0.452,0.609,0.0953,0.243,119.038,259102,2013,74,AWOLNATION
1814,0.485,0.922,11,-4.918,0,0.0344,3.61E-05,0.000539,0.315,0.814,129.347,185813,2013,1,Keane
1819,0.71,0.813,7,-3.459,1,0.0356,0.0193,0,0.085,0.773,127.031,192960,2013,0,Chris Wallace
1843,0.562,0.964,4,-2.991,0,0.072,0.000539,1.57E-06,0.579,0.41,138.063,244960,2013,69,Fall Out Boy
1919,0.362,0.338,9,-9.321,1,0.0393,0.806,0,0.3,0.389,93.999,149640,2013,57,Kristen Bell
1930,0.733,0.818,10,-7.222,0,0.0859,0.0241,0,0.0636,0.253,116.019,232147,2013,16,Stromae
1932,0.68,0.651,5,-9.113,0,0.141,0.195,0.00228,0.276,0.652,110.018,210933,2013,13,Stromae
1933,0.461,0.628,4,-9.046,0,0.169,0.1,0,0.198,0.528,143.055,213933,2013,14,Stromae
1935,0.662,0.824,8,-8.016,1,0.102,0.0212,0.000149,0.343,0.573,150.011,189027,2013,3,Stromae
1938,0.309,0.542,7,-6.023,1,0.031,0.43,0,0.0954,0.237,137.39,213107,2013,63,Michael BublÃ©
1943,0.723,0.617,11,-8.312,1,0.0301,0.566,0,0.252,0.677,100.016,286973,2013,26,James Blunt
1949,0.479,0.541,0,-9.862,1,0.0545,0.737,0,0.108,0.321,85.994,181400,2013,58,Gabrielle Aplin
1957,0.465,0.772,5,-3.932,0,0.0378,0.0959,1.04E-05,0.167,0.257,155.83,215640,2013,43,Cassadee Pope
2011,0.568,0.631,7,-5.623,1,0.0273,0.033,0,0.144,0.23,105.096,225027,2013,51,Jason Derulo
2013,0.793,0.489,5,-7.275,1,0.0561,0.206,0.0101,0.135,0.629,92.027,201434,2013,4,Lorde
2025,0.8,0.424,7,-8.409,0,0.0426,0.393,0,0.0923,0.635,115.954,239707,2013,0,James Bay
2036,0.71,0.302,9,-4.695,1,0.0422,0.862,1.03E-05,0.113,0.524,112.582,217467,2013,33,Hurray For The Riff Raff
2049,0.479,0.688,5,-8.163,1,0.0399,0.0473,0,0.0409,0.681,180.184,247008,2013,30,Matt Phillips
2060,0.713,0.673,0,-3.836,1,0.0367,0.024,0.0018,0.738,0.407,119.015,183693,2013,0,Gin Wigmore
2071,0.586,0.57,9,-7.848,1,0.0424,0.0396,1.81E-05,0.042,0.751,139.971,183088,2013,28,Matt Phillips
2107,0.598,0.753,9,-7.45,1,0.0375,0.0317,0.000156,0.0952,0.756,129.781,249640,2013,25,Jonathan Wilson
2112,0.667,0.589,5,-7.59,1,0.0331,0.378,0.0085,0.0951,0.686,136.736,179253,2013,45,The Wood Brothers
2118,0.594,0.879,5,-6.071,0,0.0602,0.0397,8.27E-06,0.383,0.717,97.992,205444,2013,5,Gabriella Cilmi
2181,0.591,0.94,11,-4.341,1,0.0522,0.00391,0,0.383,0.676,100.043,224640,2013,66,The 1975
2200,0.449,0.0342,1,-17.729,1,0.0409,0.932,4.64E-05,0.105,0.318,104.041,201500,2013,0,Kim Janssen
2202,0.521,0.0889,4,-19.457,1,0.0507,0.988,0.182,0.0965,0.0479,115.43,313253,2013,61,Winter Aid
2206,0.324,0.217,9,-13.627,1,0.0321,0.951,0.00105,0.114,0.0382,140.642,272533,2013,30,Lotte Kestner
2231,0.5,0.0434,0,-14.852,1,0.0497,0.955,0,0.081,0.306,72.642,151750,2013,0,Kim Janssen
2247,0.497,0.26,2,-13.403,1,0.0274,0.891,0.371,0.0736,0.398,147.806,167027,2013,39,Sam Amidon
2249,0.336,0.0348,5,-18.043,0,0.037,0.93,0.797,0.113,0.0317,68.81,182113,2013,0,These New Puritans
2258,0.371,0.512,0,-6.84,1,0.0313,0.00279,0.029,0.31,0.341,153.319,256053,2013,0,Stars
2272,0.507,0.14,8,-10.656,1,0.0319,0.835,0,0.0945,0.476,112.355,236547,2013,1,My Morning Jacket
2276,0.582,0.14,10,-12.855,1,0.0364,0.956,0.00144,0.135,0.223,128.338,232987,2013,12,Ane Brun
2278,0.598,0.39,10,-11.798,1,0.028,0.952,0.0513,0.112,0.765,107.018,187724,2013,38,Sam Amidon
2283,0.838,0.394,0,-8.656,0,0.0467,0.558,0.000722,0.108,0.409,129.059,248240,2013,52,Walk Off the Earth
2287,0.564,0.396,10,-11.203,1,0.0569,0.646,0,0.218,0.59,142.068,182535,2013,20,Jon D
2290,0.729,0.267,4,-8.63,0,0.0311,0.794,0.000114,0.209,0.75,119.985,206896,2013,56,Kishi Bashi
2292,0.66,0.598,0,-8.691,1,0.0631,0.0367,0.0352,0.165,0.159,109.957,216102,2013,57,Rudimental
2305,0.392,0.723,8,-3.973,1,0.0475,0.00151,0.0254,0.332,0.498,75.305,220240,2013,48,Phoenix
2308,0.315,0.918,6,-4.58,0,0.0974,0.0321,1.21E-05,0.698,0.606,177.136,239065,2013,0,Arcade Fire
2309,0.493,0.879,6,-4.029,1,0.0326,0.00852,0,0.253,0.63,177.937,214720,2013,44,The Goo Goo Dolls
2316,0.564,0.68,2,-6.487,1,0.0357,0.231,0.000179,0.247,0.262,89.938,226373,2013,55,MS MR
2348,0.394,0.59,0,-7.154,1,0.0559,0.165,2.77E-06,0.0742,0.689,176.981,146093,2013,41,Houndmouth
2354,0.346,0.887,0,-7.187,0,0.0845,0.000115,7.35E-05,0.138,0.273,151.116,211253,2013,38,Neko Case
2373,0.454,0.715,3,-8.746,1,0.0334,0.231,6.28E-06,0.103,0.752,80.947,226813,2013,1,Rogue Wave
2375,0.548,0.847,11,-5.322,1,0.0554,0.238,0.000132,0.321,0.761,135.662,168760,2013,0,Langhorne Slim
2378,0.492,0.626,4,-8.26,1,0.0349,0.729,0.533,0.0509,0.524,86.016,370200,2013,61,Phosphorescent
2383,0.485,0.744,2,-8.049,1,0.0409,0.464,0.553,0.122,0.263,90.292,339293,2013,1,Junip
2455,0.328,0.698,0,-6.612,1,0.0337,0.0441,0,0.106,0.355,175.133,199387,2013,0,REO Speedwagon
2507,0.662,0.911,11,-4.985,1,0.0531,0.00395,0.00125,0.473,0.898,108.025,254620,2013,61,The 1975
2508,0.264,0.285,1,-15.208,1,0.0385,0.892,0.000471,0.344,0.0776,84.825,240671,2013,63,The 1975
2530,0.577,0.54,0,-7.247,1,0.0443,0.0725,5.26E-05,0.134,0.395,153.933,180068,2013,46,Broods
2531,0.338,0.633,8,-7.016,1,0.0417,0.000564,0.000335,0.378,0.247,76.156,195043,2013,41,Broods
2555,0.505,0.624,7,-6.513,1,0.0371,0.0235,0,0.5,0.215,139.849,224387,2013,62,Demi Lovato
2558,0.577,0.827,7,-7.54,1,0.0365,0.00338,0.000647,0.26,0.179,101.031,215520,2013,65,Grouplove
2559,0.547,0.635,2,-5.569,1,0.137,0.0127,5.01E-06,0.0585,0.525,113.678,245293,2013,61,HAIM
2578,0.572,0.912,7,-4.875,1,0.0707,0.00155,1.20E-06,0.102,0.606,156.073,187187,2013,74,Panic! At The Disco
2579,0.642,0.873,2,-5.821,1,0.0551,0.00394,0,0.175,0.662,82.002,192053,2013,69,Panic! At The Disco
2580,0.68,0.847,5,-5.987,1,0.0449,0.000433,0,0.331,0.834,123.96,189107,2013,63,Panic! At The Disco
2581,0.604,0.78,8,-5.792,1,0.0353,0.00382,0.0661,0.107,0.287,103.99,189240,2013,58,Panic! At The Disco
2582,0.592,0.891,5,-4.766,0,0.0522,0.000912,0.000128,0.25,0.571,127.955,186600,2013,67,Panic! At The Disco
2583,0.606,0.924,11,-4.531,0,0.0349,0.00216,3.30E-06,0.24,0.965,144.998,206840,2013,69,Panic! At The Disco
2584,0.508,0.858,5,-5.309,0,0.0557,0.0002,0.000113,0.186,0.385,147.059,197693,2013,62,Panic! At The Disco
2585,0.676,0.756,7,-6.528,0,0.0446,0.00217,3.08E-05,0.104,0.543,126.98,197467,2013,61,Panic! At The Disco
2586,0.531,0.937,2,-4.756,1,0.0548,0.00156,0.000763,0.064,0.618,170.021,198467,2013,62,Panic! At The Disco
2587,0.21,0.233,5,-11.636,0,0.0287,0.827,0.0039,0.129,0.095,88.679,211893,2013,60,Panic! At The Disco
2649,0.69,0.688,4,-6.421,1,0.123,0.00361,0.00224,0.211,0.702,160.055,201707,2013,49,Mike Posner
2655,0.709,0.683,0,-5.896,1,0.043,0.492,0,0.509,0.736,104.972,224428,2013,36,Catey Shaw
2656,0.388,0.524,5,-7.146,1,0.0304,0.0239,0.0438,0.0848,0.0996,89.927,221269,2013,26,Catey Shaw
2658,0.563,0.748,6,-12.482,1,0.0373,0.0328,0.166,0.0993,0.039,127.203,405213,2013,0,Glass Candy
2673,0.321,0.955,10,-2.749,0,0.146,0.00464,0.00897,0.269,0.331,167.467,189480,2013,55,Regina Spektor
2681,0.637,0.84,4,-4.556,1,0.045,0.00285,0,0.357,0.668,129.974,144187,2013,18,Ra Ra Riot
2685,0.622,0.83,6,-4.539,1,0.0386,0.103,1.33E-05,0.0295,0.549,111.981,175747,2013,17,Ra Ra Riot
2852,0.651,0.626,0,-6.366,0,0.0378,0.104,0.00585,0.244,0.329,77.971,202027,2013,0,The Reverb Junkie
2862,0.416,0.916,7,-3.946,0,0.0424,6.27E-05,0,0.104,0.732,169.921,191140,2013,0,Tonight Alive
2863,0.564,0.689,8,-6.201,1,0.0287,0.00695,0,0.131,0.662,150.038,220322,2013,0,Tonight Alive
2907,0.555,0.682,0,-5.711,1,0.0269,0.0029,0,0.0662,0.383,105.987,266960,2013,56,Daughtry
2908,0.49,0.746,1,-4.951,1,0.0405,0.0121,0,0.0624,0.331,81.848,232133,2013,56,Daughtry
3015,0.559,0.67,7,-4.985,1,0.0474,0.592,0.000184,0.171,0.438,78.957,221895,2013,66,Flume
3016,0.53,0.688,9,-7.482,0,0.169,0.0335,4.91E-05,0.0886,0.389,175.13,209377,2013,3,Flume
3017,0.732,0.668,2,-6.978,0,0.126,0.143,0.207,0.176,0.598,140.004,254038,2013,52,Flume
3449,0.588,0.751,0,-7.588,1,0.0328,0.00174,6.57E-05,0.353,0.52,136.979,209280,2013,61,Tegan and Sara
3468,0.43,0.436,8,-4.816,1,0.119,0.17,0,0.128,0.217,90.053,154414,2013,2,Flume
3469,0.732,0.668,2,-6.978,0,0.126,0.143,0.207,0.176,0.598,140.004,254038,2013,52,Flume
3470,0.348,0.536,5,-8.257,0,0.0454,0.0505,5.97E-05,0.121,0.0479,188.069,213884,2013,1,Flume
3472,0.63,0.699,4,-8.042,0,0.146,0.0467,0.159,0.0688,0.388,79.981,307566,2013,46,Flume
3559,0.445,0.953,5,-2.463,0,0.0704,0.0106,0,0.281,0.475,172.063,225280,2013,67,Skillet
3569,0.721,0.819,9,-5.715,1,0.0269,0.413,0,0.196,0.867,96.02,212320,2013,62,Little Big Town
3572,0.739,0.696,3,-5.149,0,0.0247,0.0459,9.61E-05,0.107,0.492,97.004,223573,2013,51,Little Big Town
3578,0.554,0.899,8,-4.573,1,0.408,0.0521,0,0.0568,0.552,171.966,227893,2013,40,2 Chainz
3708,0.535,0.881,2,-4.419,1,0.156,4.71E-05,0.000411,0.11,0.621,129.975,222880,2013,2,Two Door Cinema Club
3755,0.462,0.75,5,-4.34,1,0.0299,0.12,0,0.25,0.411,92.035,256227,2013,34,Red Hot Chili Peppers
3756,0.494,0.908,7,-4.029,1,0.0662,0.00096,1.77E-06,0.356,0.368,127.058,218333,2013,34,Red Hot Chili Peppers
3767,0.679,0.715,9,-6.383,1,0.0407,0.0755,0,0.271,0.571,127.435,214148,2013,71,Bastille
3768,0.422,0.321,5,-8.952,1,0.0294,0.76,2.33E-06,0.429,0.28,78.533,196347,2013,57,Bastille
3769,0.67,0.829,5,-7.2,0,0.0427,0.0192,0.000225,0.089,0.349,125.01,214206,2013,64,Bastille
3770,0.446,0.76,7,-3.608,1,0.0453,0.00891,0.000108,0.232,0.512,150.033,308388,2013,68,Twenty One Pilots
3771,0.608,0.776,11,-3.635,1,0.0511,0.241,0,0.0713,0.814,89.996,263733,2013,70,Twenty One Pilots
3772,0.69,0.678,0,-6.52,1,0.154,0.11,0,0.246,0.409,173.995,239015,2013,70,Twenty One Pilots
3773,0.68,0.693,0,-7.234,1,0.0435,0.445,0,0.208,0.851,114.948,163880,2013,72,Twenty One Pilots
3774,0.78,0.716,6,-4.551,0,0.0439,0.0489,5.92E-06,0.0704,0.362,105.017,253680,2013,64,Twenty One Pilots
3775,0.718,0.714,0,-5.699,1,0.0622,0.0963,0,0.141,0.84,149.949,229120,2013,67,Twenty One Pilots
3776,0.798,0.318,10,-6.849,0,0.0431,0.0437,0,0.158,0.425,92.49,229000,2013,67,Twenty One Pilots
3777,0.84,0.608,6,-6.176,1,0.0458,0.248,1.25E-06,0.0874,0.727,115.012,231320,2013,67,Twenty One Pilots
3778,0.684,0.858,1,-4.266,1,0.0342,0.00694,0.000167,0.0828,0.518,129.963,273336,2013,68,Twenty One Pilots
3779,0.584,0.833,6,-5.9,1,0.041,0.00359,3.44E-05,0.169,0.324,140.013,267387,2013,68,Twenty One Pilots
3780,0.537,0.0231,7,-14.407,1,0.0475,0.994,0.0471,0.146,0.342,120.322,142547,2013,67,Twenty One Pilots
3808,0.587,0.918,4,-4.878,0,0.0581,0.0636,0,0.267,0.629,134.055,240747,2013,49,Bastille
3809,0.433,0.719,0,-5.586,1,0.0486,0.222,0.000573,0.12,0.0793,158.117,206253,2013,40,Bastille
3810,0.614,0.766,9,-6.079,0,0.0386,0.266,2.10E-05,0.176,0.51,97.51,175147,2013,40,Bastille
3811,0.573,0.802,0,-5.087,1,0.0519,0.0231,4.04E-06,0.101,0.422,129.969,174840,2013,39,Bastille
3812,0.583,0.778,4,-6.578,0,0.0459,0.0712,1.23E-06,0.0753,0.673,134.945,225040,2013,50,Bastille
3813,0.386,0.562,5,-6.938,1,0.0543,0.785,1.93E-05,0.166,0.258,114.066,188707,2013,40,Bastille
3814,0.569,0.791,8,-5.351,1,0.0862,0.0191,0,0.123,0.366,135.107,186280,2013,41,Bastille
3815,0.582,0.537,9,-6.803,0,0.0435,0.73,7.78E-05,0.107,0.21,115.588,191187,2013,37,Bastille
3816,0.516,0.945,7,-4.403,1,0.0953,0.221,0,0.248,0.427,143.977,231187,2013,36,Bastille
3817,0.713,0.75,8,-5.178,1,0.0328,0.664,0,0.18,0.791,130.035,208680,2013,38,Bastille
3818,0.478,0.629,1,-6.355,0,0.0321,0.118,0.000796,0.0913,0.201,142.055,244280,2013,37,Bastille
3819,0.679,0.715,9,-6.383,1,0.0407,0.0755,0,0.271,0.571,127.435,214148,2013,72,Bastille
3820,0.587,0.918,4,-4.878,0,0.0581,0.0636,0,0.267,0.629,134.055,240747,2013,62,Bastille
3821,0.663,0.777,5,-5.496,0,0.0375,0.0157,0.00829,0.0755,0.94,143.003,212613,2013,57,Bastille
3822,0.433,0.719,0,-5.586,1,0.0486,0.222,0.000573,0.12,0.0793,158.117,206253,2013,50,Bastille
3823,0.614,0.766,9,-6.079,0,0.0386,0.266,2.10E-05,0.176,0.51,97.51,175147,2013,50,Bastille
3824,0.59,0.752,11,-6.507,1,0.0512,0.194,0,0.0835,0.798,171.905,165120,2013,49,Bastille
3825,0.517,0.944,7,-4.411,1,0.0886,0.208,0,0.274,0.417,143.98,231253,2013,49,Bastille
3826,0.5,0.741,5,-5.024,0,0.0468,0.084,0,0.322,0.295,83.048,221773,2013,48,Bastille
3827,0.612,0.54,4,-9.398,0,0.0444,0.255,0.0013,0.169,0.219,127.092,250107,2013,47,Bastille
3828,0.473,0.643,1,-6.419,0,0.033,0.123,0.000674,0.0781,0.175,142.065,248040,2013,51,Bastille
3829,0.52,0.565,11,-7.439,0,0.0454,0.606,0.0101,0.203,0.422,79.094,194506,2013,51,Bastille
3830,0.581,0.732,0,-6.024,1,0.0417,0.382,0.00254,0.385,0.36,89.994,183333,2013,58,Bastille
3831,0.658,0.88,6,-7.844,1,0.0776,0.0111,0.168,0.122,0.354,115,251533,2013,48,Bastille
3832,0.243,0.339,11,-12.38,1,0.0455,0.813,0.461,0.489,0.16,79.889,156987,2013,47,Bastille
3838,0.715,0.825,10,-6.582,0,0.0804,0.0311,0,0.0737,0.262,115.955,231509,2013,36,Stromae
3839,0.378,0.301,4,-12.276,1,0.0321,0.769,0.0663,0.0713,0.365,133.206,184213,2013,27,AlizÃ©e
3843,0.665,0.809,8,-4.574,1,0.0464,0.156,0,0.0613,0.811,99.029,200213,2013,49,MIKA
3918,0.349,0.885,2,-4.624,1,0.0438,0.0324,0,0.315,0.31,149.968,207560,2013,51,Frightened Rabbit
3993,0.77,0.801,9,-4.182,0,0.0336,0.00375,0.00281,0.0515,0.725,130.76,233133,2013,62,Fitz and The Tantrums
4002,0.376,0.701,6,-5.604,0,0.0304,4.05E-05,0.0931,0.0855,0.151,177.96,272053,2013,52,The Naked And Famous
4094,0.644,0.811,11,-7.681,1,0.0499,0.142,0.000629,0.169,0.831,154.903,202667,2013,63,Vampire Weekend
4096,0.624,0.724,10,-7.113,1,0.101,0.591,7.79E-06,0.101,0.624,78.008,251627,2013,65,Vampire Weekend
4097,0.419,0.803,11,-5.498,1,0.246,0.032,3.70E-05,0.206,0.764,86.958,160067,2013,60,Vampire Weekend
4109,0.604,0.315,1,-9.042,0,0.0247,0.436,0.732,0.101,0.11,96.025,325968,2013,56,The xx
4119,0.581,0.684,0,-7.399,1,0.0417,0.0663,2.00E-06,0.109,0.437,139.849,210160,2013,34,Crystal Fighters
4126,0.358,0.9,1,-4.131,0,0.0474,0.000207,0.00958,0.251,0.421,162.01,216067,2013,49,White Lies
4127,0.482,0.769,10,-6.177,0,0.0419,0.0023,0.00524,0.106,0.173,119.963,327987,2013,51,White Lies
4134,0.524,0.885,5,-3.079,1,0.037,0.0997,0,0.0708,0.395,119.954,204591,2013,62,Empire of the Sun
4151,0.525,0.912,1,-7.284,1,0.0308,0.597,0.485,0.157,0.783,88.991,300000,2013,14,Goldroom
4223,0.708,0.624,3,-5.721,0,0.215,0.0704,0,0.161,0.502,78.028,240080,2013,32,Watsky
4224,0.74,0.716,6,-5.796,0,0.0609,0.207,3.51E-06,0.0926,0.804,117.977,245933,2013,37,Watsky
4226,0.759,0.783,9,-5.182,0,0.311,0.263,9.14E-06,0.191,0.831,80.055,259507,2013,28,Watsky
4227,0.593,0.709,0,-10.076,1,0.743,0.895,0,0.11,0.403,72.483,164827,2013,24,Watsky
4427,0.556,0.893,10,-3.766,0,0.0621,0.239,0,0.123,0.26,104.995,253547,2013,58,Kavinsky
4466,0.594,0.672,6,-8.669,0,0.0507,0.501,0.497,0.0906,0.161,89.972,231208,2013,51,SAFIA
4539,0.488,0.83,7,-5.331,1,0.0436,0.00127,0.000833,0.181,0.326,105.935,218693,2013,58,The Chain Gang Of 1974
4557,0.602,0.821,9,-4.059,1,0.0305,0.00408,0,0.287,0.257,115.556,183333,2013,1,The Fray
4600,0.639,0.744,6,-8.377,0,0.0368,0.0319,0.000458,0.466,0.825,128.047,240533,2013,71,Foals
4603,0.536,0.73,2,-7.606,0,0.0427,0.0036,0.668,0.183,0.438,97.206,292547,2013,58,Foals
4605,0.608,0.403,2,-10.816,0,0.0338,0.21,0.102,0.12,0.119,116.373,327680,2013,55,Foals
4658,0.813,0.784,9,-3.255,1,0.167,0.44,5.32E-06,0.0628,0.519,105.014,188453,2013,40,Emeli SandÃ©
4752,0.652,0.377,5,-7.021,1,0.0236,0.0748,1.26E-06,0.109,0.168,103.004,228087,2013,44,Meg Myers
4753,0.559,0.84,0,-6.165,1,0.038,0.0648,0,0.0664,0.273,149.914,216404,2013,38,Meg Myers
4756,0.683,0.672,7,-6.902,0,0.0308,0.00369,0.139,0.115,0.179,123.314,248842,2013,37,Meg Myers
4776,0.538,0.664,1,-6.318,1,0.0392,0.193,0,0.0918,0.366,154.033,256747,2013,61,Keith Urban
4835,0.49,0.844,8,-6.341,0,0.0713,0.0395,6.56E-06,0.207,0.905,177.99,195529,2013,48,Night Riots
4849,0.431,0.639,11,-9.07,0,0.034,0.254,0.352,0.0856,0.428,85.404,291758,2013,54,Warpaint
4851,0.644,0.763,1,-7.939,1,0.0356,0.00492,0.0483,0.167,0.644,97.144,244397,2013,50,Warpaint
4938,0.667,0.855,10,-4.011,0,0.0547,0.00455,0.859,0.215,0.921,92.032,222264,2013,45,Proleter
4939,0.914,0.711,4,-6.583,0,0.146,0.132,0.0151,0.129,0.777,102.954,218294,2013,41,Proleter
5238,0.184,0.738,7,-7.486,1,0.0491,0.0367,0,0.106,0.301,159.619,261270,2013,32,Boy George
5257,0.525,0.964,5,-3.451,0,0.0571,0.000328,5.50E-06,0.0527,0.385,90.013,199950,2013,64,Escape the Fate
5261,0.465,0.867,0,-3.97,0,0.0361,0.00397,0,0.151,0.328,155.085,231947,2013,49,Escape the Fate
5264,0.525,0.964,5,-3.451,0,0.0571,0.000328,5.50E-06,0.0527,0.385,90.013,199950,2013,64,Escape the Fate
5319,0.465,0.711,5,-6.178,1,0.0265,0.00411,0.000548,0.164,0.255,101.46,309973,2013,61,Paramore
5334,0.662,0.833,5,-5.034,0,0.0397,0.0487,0.614,0.115,0.2,132.024,237860,2013,36,Cashmere Cat
5347,0.787,0.372,1,-9.305,1,0.032,0.506,0.176,0.218,0.398,94.166,164312,2013,0,Francis and the Lights
5349,0.694,0.399,3,-7.938,0,0.0269,0.482,0.189,0.104,0.417,85.878,206396,2013,0,Francis and the Lights
5352,0.815,0.629,3,-8.571,1,0.027,0.601,0.0129,0.159,0.747,107.945,229721,2013,0,Francis and the Lights
5422,0.555,0.773,9,-7.049,1,0.0297,0.000321,0.000132,0.0858,0.863,162.035,219663,2013,45,Yellowcard
5536,0.376,0.939,1,-3.437,1,0.0572,0.00704,0,0.116,0.815,190.109,211027,2013,66,Set It Off
5537,0.412,0.927,1,-3.858,0,0.145,0.00126,0,0.0849,0.437,170.003,202053,2013,48,Set It Off
5539,0.441,0.955,8,-3.222,0,0.161,0.00239,0,0.328,0.709,170.036,201213,2013,50,Set It Off
5541,0.513,0.894,1,-3.587,0,0.0711,0.0761,0,0.0406,0.827,159.944,168720,2013,59,Set It Off
5556,0.708,0.81,11,-7.28,1,0.178,0.211,0.000151,0.156,0.86,178.067,228736,2013,19,Epick
5561,0.453,0.295,7,-12.881,1,0.0291,0.518,0.00011,0.293,0.14,146.022,276575,2013,52,Tyler Ward
5577,0.441,0.283,2,-9.092,1,0.0304,0.765,0.0348,0.076,0.225,79.664,275628,2013,14,Lucius
5580,0.528,0.908,2,-5.609,0,0.0608,0.00438,0.000524,0.335,0.477,121.491,208280,2013,2,Lucius
5647,0.426,0.922,2,-4.506,0,0.0348,0.000291,0,0.115,0.765,90.068,181155,2013,0,Tonight Alive
5681,0.737,0.637,6,-6.308,0,0.0735,0.262,0,0.319,0.537,100.033,124733,2013,71,Kristen Bell
5689,0.306,0.121,0,-15.551,0,0.0554,0.85,0.000176,0.257,0.166,174.055,206507,2013,71,Kristen Bell
5702,0.5,0.342,7,-9.536,1,0.175,0.536,0,0.59,0.684,77.124,110987,2013,65,Josh Gad
5715,0.591,0.53,9,-6.123,1,0.127,0.441,0,0.0967,0.707,103.047,182107,2013,62,Maia Wilson
5746,0.411,0.565,9,-8.287,1,0.0241,0.537,0.679,0.447,0.448,143.36,266013,2013,43,Dr. Dog
5774,0.475,0.987,5,-3.515,0,0.121,0.00028,2.36E-06,0.335,0.632,162.002,213741,2013,59,All Time Low
5776,0.508,0.964,6,-3.712,1,0.0453,5.87E-05,3.29E-05,0.172,0.545,140.03,200510,2013,52,All Time Low
5797,0.76,0.575,6,-4.06,1,0.0444,0.282,0.000383,0.0993,0.314,131.983,225493,2013,60,Miley Cyrus
5799,0.548,0.833,7,-3.294,1,0.0497,0.199,0,0.305,0.467,190.029,229693,2013,62,Miley Cyrus
5802,0.668,0.761,9,-7.093,0,0.0912,0.03,0,0.365,0.34,133.985,288333,2013,58,Miley Cyrus
5814,0.61,0.383,5,-7.543,1,0.0322,0.676,0,0.0949,0.164,137.766,221680,2013,47,Little Big Town
5817,0.604,0.641,0,-5.744,1,0.0267,0.466,0,0.126,0.546,78.078,195307,2013,43,Little Big Town
5842,0.734,0.558,5,-4.593,0,0.0378,0.549,0,0.403,0.759,95.038,224385,2013,39,Hoodie Allen
5843,0.657,0.761,11,-5.228,1,0.112,0.00913,0,0.115,0.492,90.019,197555,2013,46,Hoodie Allen
5870,0.622,0.245,6,-17.492,0,0.0343,0.961,0.231,0.102,0.185,122.973,286320,2013,40,Agnes Obel
5872,0.23,0.0969,0,-27.045,1,0.0415,0.934,0.76,0.106,0.129,134.774,202594,2013,56,Agnes Obel
5875,0.413,0.218,9,-14.89,0,0.034,0.945,0.047,0.103,0.121,129.186,328040,2013,34,Agnes Obel
5922,0.376,0.696,0,-4.785,0,0.0949,0.141,0,0.11,0.303,169.515,209440,2013,77,James Arthur
5923,0.406,0.62,9,-8.751,1,0.153,0.471,9.72E-05,0.0893,0.26,129.812,233467,2013,65,James Arthur
5924,0.37,0.419,2,-5.314,1,0.0382,0.753,0,0.121,0.255,145.866,250653,2013,61,James Arthur
5925,0.385,0.632,1,-6.528,0,0.0488,0.00532,0,0.138,0.246,150.305,277867,2013,59,James Arthur
5926,0.434,0.595,7,-5.312,1,0.0491,0.58,0,0.152,0.323,129.307,251013,2013,59,James Arthur
5927,0.417,0.926,6,-2.798,0,0.0924,0.0117,0,0.0773,0.596,155.741,201373,2013,55,James Arthur
5928,0.495,0.774,7,-4.971,0,0.0374,0.000784,0,0.322,0.348,100.909,226827,2013,54,James Arthur
5929,0.556,0.864,2,-4.864,1,0.0388,0.0237,0,0.176,0.603,140.045,187627,2013,55,James Arthur
5943,0.813,0.557,2,-14.97,1,0.0574,0.0268,0.017,0.0846,0.61,128.033,183594,2013,0,Tkay Maidza
5949,0.677,0.866,1,-6.403,1,0.0392,0.00165,0.662,0.412,0.0386,128.005,303827,2013,54,Martin Garrix
5965,0.67,0.916,0,-4.209,1,0.0527,0.0261,0.000268,0.217,0.778,142.798,205907,2013,44,Elliphant
5997,0.472,0.67,1,-7.26,1,0.0266,0.104,1.77E-05,0.0843,0.606,176.045,204213,2013,49,Tegan and Sara
6027,0.609,0.367,11,-7.02,1,0.0332,0.798,0,0.126,0.197,129.49,180471,2013,52,The Wanted
6108,0.71,0.697,5,-7.425,1,0.0333,0.0306,0.17,0.0538,0.424,96.999,238640,2013,38,Chase & Status
6111,0.705,0.777,1,-4.964,1,0.0563,0.000907,8.07E-05,0.0513,0.453,87.526,190387,2013,36,Chase & Status
6116,0.71,0.859,2,-6.38,1,0.214,0.00682,0.000271,0.0436,0.411,139.983,195987,2013,42,Chase & Status
6119,0.628,0.867,9,-3.555,1,0.0913,0.0108,0,0.308,0.597,78.043,227311,2013,65,AJR
6124,0.521,0.716,0,-4.838,1,0.0373,0.00543,0,0.0895,0.389,105.034,239693,2013,54,AJR
6127,0.617,0.708,2,-4.54,1,0.0284,0.0681,0,0.123,0.467,96.996,182147,2013,52,AJR
6134,0.598,0.753,9,-7.45,1,0.0375,0.0317,0.000156,0.0952,0.756,129.781,249640,2013,25,Jonathan Wilson
6141,0.586,0.208,9,-15.751,0,0.0326,0.773,0.0132,0.152,0.241,80.989,390667,2013,30,Jonathan Wilson
6159,0.554,0.429,3,-12.51,1,0.0283,0.921,0.133,0.115,0.533,152.054,198640,2013,60,Gregory Alan Isakov
6161,0.378,0.25,5,-11.51,1,0.0292,0.958,0.00118,0.124,0.415,168.071,167533,2013,50,Gregory Alan Isakov
6164,0.376,0.325,4,-9.972,1,0.0304,0.946,0.0937,0.113,0.211,154.563,229227,2013,51,Gregory Alan Isakov
6171,0.722,0.71,10,-4.665,1,0.0687,0.3,0,0.0909,0.713,95.014,203470,2013,40,Tiffany Alvord
6202,0.919,0.506,1,-7.14,1,0.304,0.132,0,0.0771,0.273,97.465,220240,2013,72,B.o.B
6210,0.919,0.506,1,-7.14,1,0.304,0.132,0,0.0771,0.273,97.465,220240,2013,72,B.o.B
6245,0.521,0.425,7,-6.018,0,0.0273,0.289,0,0.11,0.227,68.762,215200,2013,0,Jason Walker
6299,0.666,0.38,2,-8.757,1,0.0439,0.838,0,0.487,0.6,86.098,128533,2013,1,Amy Adams
6300,0.636,0.411,8,-10.716,1,0.0515,0.686,2.59E-05,0.646,0.597,121.739,218413,2013,1,Billy Crystal
6301,0.311,0.0961,5,-16.99,1,0.0406,0.983,0,0.0875,0.223,89.553,183253,2013,1,Sarah McLachlan
6302,0.597,0.601,1,-9.594,1,0.373,0.349,0,0.249,0.903,143.753,128760,2013,0,Jim Cummings
6350,0.747,0.265,1,-14.141,1,0.0354,0.745,0.0169,0.11,0.2,138.017,229653,2013,61,The Civil Wars
6353,0.544,0.328,2,-7.381,0,0.0307,0.807,0,0.128,0.325,145.533,207960,2013,35,The Civil Wars
6355,0.317,0.451,10,-6.762,1,0.0347,0.537,0,0.0898,0.459,173.831,213400,2013,44,The Civil Wars
6356,0.254,0.349,4,-10.02,0,0.0379,0.85,2.95E-05,0.234,0.303,170.214,149427,2013,57,The Civil Wars
6364,0.541,0.884,10,-6.272,1,0.101,0.35,0.0473,0.281,0.481,97.188,265267,2013,1,Edward Sharpe & The Magnetic Zeros
6417,0.538,0.534,3,-5.558,1,0.0367,0.11,0,0.11,0.302,119.193,234853,2013,36,Matthew Koma
6527,0.591,0.659,1,-7.591,1,0.0393,0.0604,0.00225,0.0837,0.159,109.98,261016,2013,49,Andrew McMahon in the Wilderness
6653,0.307,0.847,11,-4.215,1,0.0551,0.0215,0,0.0783,0.34,93.072,173093,2013,54,The Mowgli's
6656,0.517,0.804,6,-5.101,1,0.0572,0.0656,0,0.157,0.61,157.974,200080,2013,48,The Mowgli's
6682,0.275,0.818,10,-4.842,1,0.0602,0.321,5.72E-06,0.139,0.511,190.362,189693,2013,44,Clairy Browne & The Bangin' Rackettes
6683,0.598,0.871,3,-3.614,0,0.102,0.535,0,0.0801,0.544,126.856,184640,2013,40,Clairy Browne & The Bangin' Rackettes
6749,0.469,0.892,4,-5.641,0,0.317,0.0776,0,0.382,0.491,88.976,399761,2013,53,Kool Shen
6784,0.818,0.799,1,-4.1,0,0.156,0.00107,0.128,0.057,0.0815,100.014,213733,2013,73,DJ Snake
6906,0.523,0.56,9,-7.049,1,0.0327,0.107,3.11E-06,0.745,0.741,91.094,161236,2013,21,The Basics
6973,0.515,0.877,1,-7.628,0,0.228,0.00169,0.603,0.511,0.558,173.964,149027,2013,50,Ta-ku
6974,0.746,0.405,3,-11.719,0,0.0619,0.507,0.912,0.204,0.303,130.942,229021,2013,1,Ta-ku
6977,0.846,0.531,6,-9.013,1,0.274,0.0831,0.557,0.0701,0.511,133.009,230977,2013,0,Ta-ku
7039,0.683,0.357,11,-11.23,0,0.0315,0.362,0.453,0.17,0.19,120.034,340000,2013,0,Pur:Pur
7142,0.425,0.978,7,-1.16,1,0.0708,0.000273,2.17E-06,0.389,0.33,102.608,177373,2013,40,AFI
7183,0.473,0.461,6,-6.474,0,0.333,0.149,0,0.0973,0.615,165.985,234213,2013,8,Childish Gambino
7184,0.644,0.479,4,-8.352,1,0.177,0.169,0,0.639,0.612,79.929,180680,2013,7,Childish Gambino
7219,0.323,0.327,2,-7.494,1,0.0411,0.824,0,0.101,0.335,81.329,327773,2013,63,Ariana Grande
7237,0.509,0.803,5,-4.903,1,0.0558,0.0917,0.0135,0.109,0.239,185.922,242507,2013,66,The Killers
7238,0.547,0.779,1,-4.529,1,0.0276,0.000111,0.0133,0.138,0.16,136.981,262000,2013,66,The Killers
7258,0.682,0.714,9,-6.306,1,0.0399,0.074,0,0.278,0.581,127.443,214148,2013,18,Bastille
7259,0.389,0.706,1,-6.849,1,0.0593,0.0026,0.000182,0.686,0.238,179.911,245187,2013,63,Rudimental
7281,0.345,0.313,4,-10.098,1,0.0681,0.717,0.000822,0.1,0.164,207.969,237973,2013,62,Vampire Weekend
7282,0.584,0.65,11,-6.481,1,0.0427,0.179,0.000283,0.0935,0.491,92.01,312653,2013,56,Vampire Weekend
7283,0.472,0.29,9,-12.327,1,0.0957,0.403,0.000115,0.199,0.126,180.098,251253,2013,54,Vampire Weekend
7285,0.474,0.919,11,-5.966,1,0.0779,0.00119,1.82E-06,0.314,0.303,149.055,201240,2013,52,Vampire Weekend
7310,0.607,0.864,5,-4.348,1,0.0609,0.00322,0,0.265,0.567,126.056,182520,2013,1,Example
7314,0.598,0.959,7,-4.339,1,0.0831,0.0014,0,0.588,0.529,127.941,236467,2013,0,Calvin Harris
7318,0.536,0.863,5,-3.607,0,0.0982,0.156,0,0.0695,0.464,134.868,240627,2013,0,Example
7385,0.687,0.23,1,-8.583,1,0.0365,0.845,0,0.106,0.341,120.057,230187,2013,41,Matthew Koma
7398,0.457,0.307,2,-11.879,1,0.03,0.512,0.000162,0.122,0.283,129.447,244840,2013,44,Ben Folds
7424,0.668,0.214,0,-14.983,1,0.0437,0.913,0.0157,0.122,0.348,111.2,199427,2013,63,Bahamas
7456,0.636,0.871,8,-3.58,1,0.0421,0.00194,0,0.0862,0.804,92.7,187413,2013,28,We Are The In Crowd
7539,0.79,0.916,1,-2.742,1,0.104,0.121,0.000269,0.0513,0.734,124.986,263813,2013,49,M.I.A.
7540,0.764,0.916,1,-1.181,1,0.0539,0.0458,0.358,0.0332,0.501,144.055,179240,2013,49,M.I.A.
7541,0.465,0.772,5,-3.932,0,0.0378,0.0959,1.04E-05,0.167,0.257,155.83,215640,2013,56,Cassadee Pope
7827,0.766,0.733,2,-7.299,1,0.0538,0.0142,0,0.0818,0.573,115.018,196733,2013,21,Katy Tiz
7895,0.546,0.798,1,-5.877,1,0.0405,0.0112,0.00181,0.54,0.902,135.986,235000,2013,37,Ezra Furman
8144,0.645,0.585,6,-6.122,1,0.0513,0.00314,0,0.165,0.353,131.931,215672,2013,78,Katy Perry
8145,0.554,0.772,7,-4.821,0,0.0418,0.00487,6.60E-06,0.354,0.455,179.984,223546,2013,78,Katy Perry
8162,0.485,0.53,4,-9.611,1,0.0279,0.0272,0,0.151,0.28,67.97,259160,2013,60,Def Leppard
8163,0.414,0.953,10,-5.462,0,0.243,0.00156,0,0.99,0.462,175.942,272173,2013,48,Def Leppard
8183,0.392,0.942,9,-8.62,1,0.559,0.158,4.48E-05,0.802,0.582,174.311,221827,2013,51,Old Crow Medicine Show
8185,0.26,0.82,0,-8.387,1,0.216,0.309,1.65E-05,0.975,0.637,173.314,295200,2013,46,Old Crow Medicine Show
8217,0.589,0.669,0,-4.835,1,0.0253,0.0505,0,0.131,0.421,92.06,225333,2013,54,The Goo Goo Dolls
8232,0.636,0.436,7,-9.524,1,0.139,0.112,0,0.135,0.331,84.804,190185,2013,18,Lorde
8233,0.669,0.78,7,-4.287,0,0.053,0.0265,1.63E-06,0.143,0.738,139.945,212333,2013,8,Lady Gaga
8235,0.781,0.853,1,-3.68,0,0.0715,0.0525,0,0.12,0.624,110.049,250189,2013,76,Eminem
8251,0.561,0.984,2,-2.626,0,0.0636,0.0536,0,0.176,0.584,146.036,233967,2013,61,Falling In Reverse
8327,0.513,0.766,0,-5.984,1,0.0637,0.000905,1.48E-06,0.387,0.481,144.023,201013,2013,13,Lissie
8351,0.541,0.357,8,-14.267,1,0.21,0.713,5.63E-06,0.116,0.428,100.928,269293,2013,35,L.A. Salami
8424,0.355,0.867,2,-3.144,1,0.0738,0.00664,0.554,0.323,0.295,142.849,180133,2013,56,Cold War Kids
8487,0.606,0.855,8,-5.692,1,0.0804,0.231,0,0.155,0.496,77.006,227640,2013,52,Zendaya
8488,0.781,0.771,8,-5.286,1,0.0402,0.441,2.06E-05,0.0499,0.961,99.003,187200,2013,42,Zendaya
8532,0.533,0.251,7,-11.283,0,0.0372,0.873,0.104,0.134,0.186,77.503,223600,2013,68,James Blake
8535,0.604,0.661,10,-9.476,0,0.0443,0.455,0.326,0.109,0.259,144.973,217120,2013,54,James Blake
8570,0.477,0.383,1,-7.177,1,0.0271,0.585,0,0.0692,0.43,74.928,222960,2013,44,Jayme Dee
8836,0.479,0.541,0,-9.862,1,0.0545,0.737,0,0.108,0.321,85.994,181400,2013,61,Gabrielle Aplin
8840,0.379,0.267,4,-8.981,1,0.0293,0.605,0.00322,0.152,0.229,135.198,248507,2013,53,Gabrielle Aplin
8841,0.277,0.291,11,-9.851,0,0.0306,0.901,2.47E-05,0.103,0.175,75.119,245160,2013,54,Gabrielle Aplin
8847,0.61,0.893,9,-3.681,1,0.0921,0.154,4.41E-05,0.021,0.673,104.031,296520,2013,73,Paramore
8886,0.559,0.64,11,-7.022,0,0.124,0.16,8.48E-06,0.108,0.387,82.488,208747,2013,47,Yeasayer
8980,0.492,0.876,1,-3.118,1,0.0308,0.122,0.027,0.257,0.342,140.931,308133,2013,49,MGMT
8983,0.468,0.935,2,-3.901,0,0.0456,0.00126,0.00712,0.0761,0.619,182.002,192733,2013,48,Neon Indian
9051,0.468,0.811,0,-5.871,1,0.0417,0.0452,4.53E-06,0.0611,0.549,175.03,218240,2013,29,Passion Pit
9052,0.534,0.406,7,-7.06,1,0.0343,0.561,7.75E-06,0.322,0.46,74.992,143320,2013,26,Passion Pit
9053,0.849,0.631,9,-5.6,0,0.131,0.0353,0.000609,0.0817,0.44,112.024,258960,2013,25,Passion Pit
9054,0.713,0.701,10,-5.111,1,0.0822,0.000641,0.000174,0.104,0.336,127.965,287760,2013,34,Passion Pit
9062,0.316,0.748,2,-8.187,1,0.0413,0.000304,0.0139,0.608,0.256,79.337,245880,2013,2,Washed Out
9066,0.357,0.774,4,-7.162,1,0.0602,0.0299,0.661,0.119,0.0396,110.124,326853,2013,0,Washed Out
9067,0.504,0.886,6,-7.56,0,0.049,0.0152,0.0378,0.697,0.562,93.96,234680,2013,0,Washed Out
9070,0.384,0.593,9,-7.057,1,0.0537,0.642,0.00786,0.137,0.343,110.921,295573,2013,0,Washed Out
9078,0.399,0.612,4,-7.814,0,0.0358,0.00317,0.33,0.127,0.0567,128.167,356674,2013,57,M83
9134,0.713,0.306,6,-12.111,1,0.0388,0.726,0.168,0.0924,0.314,129.983,266907,2013,69,JosÃ© GonzÃ¡lez
9260,0.209,0.412,0,-9.733,1,0.0443,0.172,0.15,0.0843,0.162,86.26,305747,2013,72,Kodaline
9331,0.515,0.714,0,-4.516,1,0.0348,0.286,0,0.118,0.495,155.954,188547,2013,69,One Direction
9473,0.627,0.633,10,-7.41,0,0.0305,0.133,7.07E-05,0.216,0.763,85.999,194053,2013,61,Portugal. The Man
9474,0.601,0.859,4,-6.311,0,0.0397,0.0351,0.331,0.144,0.431,101.003,249747,2013,60,Portugal. The Man
9483,0.5,0.723,5,-5.07,0,0.0322,0.713,0.00107,0.107,0.677,101.97,282739,2013,25,The Growlers
9541,0.621,0.702,4,-6.845,1,0.0295,0.000332,1.49E-05,0.322,0.374,99.808,254510,2013,64,The 1975
9619,0.491,0.728,9,-5.503,1,0.0304,0.366,5.63E-05,0.0865,0.342,138.026,197453,2013,46,Hooverphonic
9648,0.53,0.864,4,-3.323,0,0.0557,0.0978,3.12E-06,0.153,0.85,153.314,222282,2013,60,Franz Ferdinand
9649,0.702,0.815,11,-3.289,0,0.0296,0.0148,3.85E-05,0.0486,0.819,110.968,167253,2013,56,Franz Ferdinand
9695,0.592,0.416,1,-9.794,1,0.0246,0.882,0.000586,0.112,0.417,96.002,210080,2013,74,The Paper Kites
9718,0.559,0.67,7,-4.985,1,0.0474,0.592,0.000184,0.171,0.438,78.957,221895,2013,64,Flume
9721,0.782,0.534,3,-8.35,1,0.0353,0.261,0.000176,0.37,0.722,93.473,238391,2013,1,Wild Child
9764,0.699,0.719,6,-4.706,0,0.0507,0.0845,0,0.314,0.696,117.019,217560,2013,45,Hedley
9766,0.674,0.632,7,-6.468,1,0.066,0.0311,0.000235,0.0778,0.905,151.989,191693,2013,46,Hedley