,0,1,2,3,4,5,6,7,8,9,10,11,12,13,14,15,16,17,18,19,20,21,22,23,24,25,26,27,28,29,30,31,32,33,34,35,36,37,38,39,40,41,42,43,44,45,46,47,48,49,50,51,52,53,54,55,56,57,58,59,60,61,62,63,64,65,66,67,68,69,70,71,72,73,74,75,76,77,78,79,80,81,82,83,84,85,86,87,88,89,90,principal component 1,principal component 2,Ariana Grande,popularity
0,1,0.67,0.637,4,-5.275,0,0.0445,0.0543,0,0.356,0.301,134.056,2016,0.4489,0.42679,2.68,-3.53425,0,0.029815,0.036381,0,0.23852,0.20167,89.81752,1350.72,0.405769,2.548,-3.360175,0,0.0283465,0.0345891,0,0.226772,0.191737,85.393672,1284.192,16,-21.1,0,0.178,0.2172,0,1.424,1.204,536.224,8064,27.825625,0,-0.2347375,-0.2864325,0,-1.8779,-1.587775,-707.1454,-10634.4,0,0,0,0,0,0,0,0,0.00198025,0.00241635,0,0.015842,0.0133945,5.965492,89.712,0.00294849,0,0.0193308,0.0163443,7.2792408,109.4688,0,0,0,0,0,0.126736,0.107156,47.723936,717.696,0.090601,40.350856,606.816,17971.01114,270256.896,4064256,29946.36831,-2681.188639,1,3
1,1,0.803,0.464,1,-7.684,0,0.0983,0.221,1.13E-06,0.123,0.585,108.781,2016,0.644809,0.372592,0.803,-6.170252,0,0.0789349,0.177463,9.07E-07,0.098769,0.469755,87.351143,1618.848,0.215296,0.464,-3.565376,0,0.0456112,0.102544,5.24E-07,0.057072,0.27144,50.474384,935.424,1,-7.684,0,0.0983,0.221,1.13E-06,0.123,0.585,108.781,2016,59.043856,0,-0.7553372,-1.698164,-8.68E-06,-0.945132,-4.49514,-835.873204,-15490.944,0,0,0,0,0,0,0,0,0.00966289,0.0217243,1.11E-07,0.0120909,0.0575055,10.6931723,198.1728,0.048841,2.50E-07,0.027183,0.129285,24.040601,445.536,1.28E-12,1.39E-07,6.61E-07,0.000122923,0.00227808,0.015129,0.071955,13.380063,247.968,0.342225,63.636885,1179.36,11833.30596,219302.496,4064256,-21435.40655,-4412.498717,1,0
2,1,0.517,0.451,2,-8.275,1,0.145,0.0348,0,0.249,0.074,102.282,2016,0.267289,0.233167,1.034,-4.278175,0.517,0.074965,0.0179916,0,0.128733,0.038258,52.879794,1042.272,0.203401,0.902,-3.732025,0.451,0.065395,0.0156948,0,0.112299,0.033374,46.129182,909.216,4,-16.55,2,0.29,0.0696,0,0.498,0.148,204.564,4032,68.475625,-8.275,-1.199875,-0.28797,0,-2.060475,-0.61235,-846.38355,-16682.4,1,0.145,0.0348,0,0.249,0.074,102.282,2016,0.021025,0.005046,0,0.036105,0.01073,14.83089,292.32,0.00121104,0,0.0086652,0.0025752,3.5594136,70.1568,0,0,0,0,0,0.062001,0.018426,25.468218,501.984,0.005476,7.568868,149.184,10461.60752,206200.512,4064256,-34629.48336,-3975.353622,1,0
3,1,0.628,0.593,8,-5.036,1,0.0323,0.093,1.65E-06,0.096,0.104,125.026,2014,0.394384,0.372404,5.024,-3.162608,0.628,0.0202844,0.058404,1.04E-06,0.060288,0.065312,78.516328,1264.792,0.351649,4.744,-2.986348,0.593,0.0191539,0.055149,9.78E-07,0.056928,0.061672,74.140418,1194.302,64,-40.288,8,0.2584,0.744,1.32E-05,0.768,0.832,1000.208,16112,25.361296,-5.036,-0.1626628,-0.468348,-8.31E-06,-0.483456,-0.523744,-629.630936,-10142.504,1,0.0323,0.093,1.65E-06,0.096,0.104,125.026,2014,0.00104329,0.0030039,5.33E-08,0.0031008,0.0033592,4.0383398,65.0522,0.008649,1.53E-07,0.008928,0.009672,11.627418,187.302,2.72E-12,1.58E-07,1.72E-07,0.000206293,0.0033231,0.009216,0.009984,12.002496,193.344,0.010816,13.002704,209.456,15631.50068,251802.364,4056196,11418.5512,7255.757275,1,81
4,1,0.635,0.735,9,-5.872,1,0.0978,0.0161,1.26E-06,0.151,0.377,107.979,2016,0.403225,0.466725,5.715,-3.72872,0.635,0.062103,0.0102235,8.00E-07,0.095885,0.239395,68.566665,1280.16,0.540225,6.615,-4.31592,0.735,0.071883,0.0118335,9.26E-07,0.110985,0.277095,79.364565,1481.76,81,-52.848,9,0.8802,0.1449,1.13E-05,1.359,3.393,971.811,18144,34.480384,-5.872,-0.5742816,-0.0945392,-7.40E-06,-0.886672,-2.213744,-634.052688,-11837.952,1,0.0978,0.0161,1.26E-06,0.151,0.377,107.979,2016,0.00956484,0.00157458,1.23E-07,0.0147678,0.0368706,10.5603462,197.1648,0.00025921,2.03E-08,0.0024311,0.0060697,1.7384619,32.4576,1.59E-12,1.90E-07,4.75E-07,0.000136054,0.00254016,0.022801,0.056927,16.304829,304.416,0.142129,40.708083,760.032,11659.46444,217685.664,4064256,-23029.89255,181.0926732,1,2
5,1,0.707,0.325,2,-11.774,0,0.0458,0.000462,0,0.119,0.313,118.975,2015,0.499849,0.229775,1.414,-8.324218,0,0.0323806,0.000326634,0,0.084133,0.221291,84.115325,1424.605,0.105625,0.65,-3.82655,0,0.014885,0.00015015,0,0.038675,0.101725,38.666875,654.875,4,-23.548,0,0.0916,0.000924,0,0.238,0.626,237.95,4030,138.627076,0,-0.5392492,-0.005439588,0,-1.401106,-3.685262,-1400.81165,-23724.61,0,0,0,0,0,0,0,0,0.00209764,2.12E-05,0,0.0054502,0.0143354,5.449055,92.287,2.13E-07,0,5.50E-05,0.000144606,0.05496645,0.93093,0,0,0,0,0,0.014161,0.037247,14.158025,239.785,0.097969,37.239175,630.695,14155.05062,239734.625,4060225,-976.3844257,-1861.575561,1,67
6,1,0.648,0.319,5,-8.314,1,0.0352,0.124,0,0.376,0.398,128.041,2015,0.419904,0.206712,3.24,-5.387472,0.648,0.0228096,0.080352,0,0.243648,0.257904,82.970568,1305.72,0.101761,1.595,-2.652166,0.319,0.0112288,0.039556,0,0.119944,0.126962,40.845079,642.785,25,-41.57,5,0.176,0.62,0,1.88,1.99,640.205,10075,69.122596,-8.314,-0.2926528,-1.030936,0,-3.126064,-3.308972,-1064.532874,-16752.71,1,0.0352,0.124,0,0.376,0.398,128.041,2015,0.00123904,0.0043648,0,0.0132352,0.0140096,4.5070432,70.928,0.015376,0,0.046624,0.049352,15.877084,249.86,0,0,0,0,0,0.141376,0.149648,48.143416,757.64,0.158404,50.960318,801.97,16394.49768,258002.615,4060225,17525.88297,667.7376295,1,70
7,1,0.71,0.396,11,-11.247,0,0.0843,0.492,0,0.221,0.63,89.941,2015,0.5041,0.28116,7.81,-7.98537,0,0.059853,0.34932,0,0.15691,0.4473,63.85811,1430.65,0.156816,4.356,-4.453812,0,0.0333828,0.194832,0,0.087516,0.24948,35.616636,797.94,121,-123.717,0,0.9273,5.412,0,2.431,6.93,989.351,22165,126.495009,0,-0.9481221,-5.533524,0,-2.485587,-7.08561,-1011.566427,-22662.705,0,0,0,0,0,0,0,0,0.00710649,0.0414756,0,0.0186303,0.053109,7.5820263,169.8645,0.242064,0,0.108732,0.30996,44.250972,991.38,0,0,0,0,0,0.048841,0.13923,19.876961,445.315,0.3969,56.66283,1269.45,8089.383481,181231.115,4060225,-59782.66979,3434.143646,1,74
8,1,0.434,0.281,9,-7.828,1,0.0294,0.18,1.01E-05,0.142,0.318,128.973,2015,0.188356,0.121954,3.906,-3.397352,0.434,0.0127596,0.07812,4.38E-06,0.061628,0.138012,55.974282,874.51,0.078961,2.529,-2.199668,0.281,0.0082614,0.05058,2.84E-06,0.039902,0.089358,36.241413,566.215,81,-70.452,9,0.2646,1.62,9.09E-05,1.278,2.862,1160.757,18135,61.277584,-7.828,-0.2301432,-1.40904,-7.91E-05,-1.111576,-2.489304,-1009.600644,-15773.42,1,0.0294,0.18,1.01E-05,0.142,0.318,128.973,2015,0.00086436,0.005292,2.97E-07,0.0041748,0.0093492,3.7918062,59.241,0.0324,1.82E-06,0.02556,0.05724,23.21514,362.7,1.02E-10,1.43E-06,3.21E-06,0.001302627,0.0203515,0.020164,0.045156,18.314166,286.13,0.101124,41.013414,640.77,16634.03473,259880.595,4060225,19420.37534,2764.047546,1,68
9,1,0.561,0.368,8,-7.351,1,0.0338,0.0763,1.99E-06,0.1,0.237,101.978,2015,0.314721,0.206448,4.488,-4.123911,0.561,0.0189618,0.0428043,1.12E-06,0.0561,0.132957,57.209658,1130.415,0.135424,2.944,-2.705168,0.368,0.0124384,0.0280784,7.32E-07,0.0368,0.087216,37.527904,741.52,64,-58.808,8,0.2704,0.6104,1.59E-05,0.8,1.896,815.824,16120,54.037201,-7.351,-0.2484638,-0.5608813,-1.46E-05,-0.7351,-1.742187,-749.640278,-14812.265,1,0.0338,0.0763,1.99E-06,0.1,0.237,101.978,2015,0.00114244,0.00257894,6.73E-08,0.00338,0.0080106,3.4468564,68.107,0.00582169,1.52E-07,0.00763,0.0180831,7.7809214,153.7445,3.96E-12,1.99E-07,4.72E-07,0.000202936,0.00400985,0.01,0.0237,10.1978,201.5,0.056169,24.168786,477.555,10399.51248,205485.67,4060225,-35296.91213,3127.465283,1,70
10,1,0.639,0.219,0,-10.204,1,0.0717,0.93,0,0.227,0.797,74.739,2015,0.408321,0.139941,0,-6.520356,0.639,0.0458163,0.59427,0,0.145053,0.509283,47.758221,1287.585,0.047961,0,-2.234676,0.219,0.0157023,0.20367,0,0.049713,0.174543,16.367841,441.285,0,0,0,0,0,0,0,0,0,0,104.121616,-10.204,-0.7316268,-9.48972,0,-2.316308,-8.132588,-762.636756,-20561.06,1,0.0717,0.93,0,0.227,0.797,74.739,2015,0.00514089,0.066681,0,0.0162759,0.0571449,5.3587863,144.4755,0.8649,0,0.21111,0.74121,69.50727,1873.95,0,0,0,0,0,0.051529,0.180919,16.965753,457.405,0.635209,59.566983,1605.955,5585.918121,150599.085,4060225,-90411.67046,-1113.866672,1,74
11,1,0.66,0.805,1,-5.352,0,0.153,0.0192,8.83E-06,0.159,0.625,103.009,2014,0.4356,0.5313,0.66,-3.53232,0,0.10098,0.012672,5.83E-06,0.10494,0.4125,67.98594,1329.24,0.648025,0.805,-4.30836,0,0.123165,0.015456,7.11E-06,0.127995,0.503125,82.922245,1621.27,1,-5.352,0,0.153,0.0192,8.83E-06,0.159,0.625,103.009,2014,28.643904,0,-0.818856,-0.1027584,-4.73E-05,-0.850968,-3.345,-551.304168,-10778.928,0,0,0,0,0,0,0,0,0.023409,0.0029376,1.35E-06,0.024327,0.095625,15.760377,308.142,0.00036864,1.70E-07,0.0030528,0.012,1.9777728,38.6688,7.80E-11,1.40E-06,5.52E-06,0.000909569,0.01778362,0.025281,0.099375,16.378431,320.226,0.390625,64.380625,1258.75,10610.85408,207460.126,4056196,-33175.32226,4294.200288,1,75
12,1,0.443,0.663,8,-5.946,0,0.0432,0.0494,0,0.153,0.331,159.856,2014,0.196249,0.293709,3.544,-2.634078,0,0.0191376,0.0218842,0,0.067779,0.146633,70.816208,892.202,0.439569,5.304,-3.942198,0,0.0286416,0.0327522,0,0.101439,0.219453,105.984528,1335.282,64,-47.568,0,0.3456,0.3952,0,1.224,2.648,1278.848,16112,35.354916,0,-0.2568672,-0.2937324,0,-0.909738,-1.968126,-950.503776,-11975.244,0,0,0,0,0,0,0,0,0.00186624,0.00213408,0,0.0066096,0.0142992,6.9057792,87.0048,0.00244036,0,0.0075582,0.0163514,7.8968864,99.4916,0,0,0,0,0,0.023409,0.050643,24.457968,308.142,0.109561,52.912336,666.634,25553.94074,321949.984,4056196,82217.71403,6076.394087,1,62
13,1,0.687,0.702,7,-5.324,0,0.0455,0.0064,4.35E-05,0.204,0.284,129.956,2014,0.471969,0.482274,4.809,-3.657588,0,0.0312585,0.0043968,2.99E-05,0.140148,0.195108,89.279772,1383.618,0.492804,4.914,-3.737448,0,0.031941,0.0044928,3.05E-05,0.143208,0.199368,91.229112,1413.828,49,-37.268,0,0.3185,0.0448,0.0003045,1.428,1.988,909.692,14098,28.344976,0,-0.242242,-0.0340736,-0.000231594,-1.086096,-1.512016,-691.885744,-10722.536,0,0,0,0,0,0,0,0,0.00207025,0.0002912,1.98E-06,0.009282,0.012922,5.912998,91.637,4.10E-05,2.78E-07,0.0013056,0.0018176,0.8317184,12.8896,1.89E-09,8.87E-06,1.24E-05,0.005653086,0.087609,0.041616,0.057936,26.511024,410.856,0.080656,36.907504,571.976,16888.56194,261731.384,4056196,21422.73339,6539.459701,1,75
14,1,0.654,0.578,6,-6.897,1,0.449,0.546,0,0.112,0.233,143.867,2014,0.427716,0.378012,3.924,-4.510638,0.654,0.293646,0.357084,0,0.073248,0.152382,94.089018,1317.156,0.334084,3.468,-3.986466,0.578,0.259522,0.315588,0,0.064736,0.134674,83.155126,1164.092,36,-41.382,6,2.694,3.276,0,0.672,1.398,863.202,12084,47.568609,-6.897,-3.096753,-3.765762,0,-0.772464,-1.607001,-992.250699,-13890.558,1,0.449,0.546,0,0.112,0.233,143.867,2014,0.201601,0.245154,0,0.050288,0.104617,64.596283,904.286,0.298116,0,0.061152,0.127218,78.551382,1099.644,0,0,0,0,0,0.012544,0.026096,16.113104,225.568,0.054289,33.521011,469.262,20697.71369,289748.138,4056196,49637.32373,5128.274952,1,68
15,1,0.622,0.586,3,-6.241,0,0.0356,0.0735,7.41E-06,0.0803,0.434,145.08,2014,0.386884,0.364492,1.866,-3.881902,0,0.0221432,0.045717,4.61E-06,0.0499466,0.269948,90.23976,1252.708,0.343396,1.758,-3.657226,0,0.0208616,0.043071,4.34E-06,0.0470558,0.254324,85.01688,1180.204,9,-18.723,0,0.1068,0.2205,2.22E-05,0.2409,1.302,435.24,6042,38.950081,0,-0.2221796,-0.4587135,-4.62E-05,-0.5011523,-2.708594,-905.44428,-12569.374,0,0,0,0,0,0,0,0,0.00126736,0.0026166,2.64E-07,0.00285868,0.0154504,5.164848,71.6984,0.00540225,5.45E-07,0.00590205,0.031899,10.66338,148.029,5.49E-11,5.95E-07,3.22E-06,0.001075043,0.01492374,0.00644809,0.0348502,11.649924,161.7242,0.188356,62.96472,874.076,21048.2064,292191.12,4056196,52141.05676,3888.323735,1,61
16,1,0.726,0.605,6,-5.673,1,0.0628,0.0113,0,0.0639,0.588,93.93,2014,0.527076,0.43923,4.356,-4.118598,0.726,0.0455928,0.0082038,0,0.0463914,0.426888,68.19318,1462.164,0.366025,3.63,-3.432165,0.605,0.037994,0.0068365,0,0.0386595,0.35574,56.82765,1218.47,36,-34.038,6,0.3768,0.0678,0,0.3834,3.528,563.58,12084,32.182929,-5.673,-0.3562644,-0.0641049,0,-0.3625047,-3.335724,-532.86489,-11425.422,1,0.0628,0.0113,0,0.0639,0.588,93.93,2014,0.00394384,0.00070964,0,0.00401292,0.0369264,5.898804,126.4792,0.00012769,0,0.00072207,0.0066444,1.061409,22.7582,0,0,0,0,0,0.00408321,0.0375732,6.002127,128.6946,0.345744,55.23084,1184.232,8822.8449,189175.02,4056196,-51568.27384,6833.057764,1,62
17,1,0.472,0.714,1,-4.389,0,0.0334,0.00937,0,0.0764,0.24,98.992,2014,0.222784,0.337008,0.472,-2.071608,0,0.0157648,0.00442264,0,0.0360608,0.11328,46.724224,950.608,0.509796,0.714,-3.133746,0,0.0238476,0.00669018,0,0.0545496,0.17136,70.680288,1437.996,1,-4.389,0,0.0334,0.00937,0,0.0764,0.24,98.992,2014,19.263321,0,-0.1465926,-0.04112493,0,-0.3353196,-1.05336,-434.475888,-8839.446,0,0,0,0,0,0,0,0,0.00111556,0.000312958,0,0.00255176,0.008016,3.3063328,67.2676,8.78E-05,0,0.000715868,0.0022488,0.92755504,18.87118,0,0,0,0,0,0.00583696,0.018336,7.5629888,153.8696,0.0576,23.75808,483.36,9799.416064,199369.888,4056196,-41271.59319,4747.700254,1,76
18,1,0.439,0.322,9,-5.959,1,0.028,0.692,0,0.103,0.16,77.963,2014,0.192721,0.141358,3.951,-2.616001,0.439,0.012292,0.303788,0,0.045217,0.07024,34.225757,884.146,0.103684,2.898,-1.918798,0.322,0.009016,0.222824,0,0.033166,0.05152,25.104086,648.508,81,-53.631,9,0.252,6.228,0,0.927,1.44,701.667,18126,35.509681,-5.959,-0.166852,-4.123628,0,-0.613777,-0.95344,-464.581517,-12001.426,1,0.028,0.692,0,0.103,0.16,77.963,2014,0.000784,0.019376,0,0.002884,0.00448,2.182964,56.392,0.478864,0,0.071276,0.11072,53.950396,1393.688,0,0,0,0,0,0.010609,0.01648,8.030189,207.442,0.0256,12.47408,322.24,6078.229369,157017.482,4056196,-83835.48596,8573.668739,1,68
19,1,0.662,0.766,7,-5.694,1,0.0377,0.214,0,0.324,0.376,97.959,2014,0.438244,0.507092,4.634,-3.769428,0.662,0.0249574,0.141668,0,0.214488,0.248912,64.848858,1333.268,0.586756,5.362,-4.361604,0.766,0.0288782,0.163924,0,0.248184,0.288016,75.036594,1542.724,49,-39.858,7,0.2639,1.498,0,2.268,2.632,685.713,14098,32.421636,-5.694,-0.2146638,-1.218516,0,-1.844856,-2.140944,-557.778546,-11467.716,1,0.0377,0.214,0,0.324,0.376,97.959,2014,0.00142129,0.0080678,0,0.0122148,0.0141752,3.6930543,75.9278,0.045796,0,0.069336,0.080464,20.963226,430.996,0,0,0,0,0,0.104976,0.121824,31.738716,652.536,0.141376,36.832584,757.264,9595.965681,197289.426,4056196,-43427.73205,7210.446597,1,56
20,1,0.54,0.265,11,-5.307,1,0.0297,0.88,0,0.131,0.423,61.975,2014,0.2916,0.1431,5.94,-2.86578,0.54,0.016038,0.4752,0,0.07074,0.22842,33.4665,1087.56,0.070225,2.915,-1.406355,0.265,0.0078705,0.2332,0,0.034715,0.112095,16.423375,533.71,121,-58.377,11,0.3267,9.68,0,1.441,4.653,681.725,22154,28.164249,-5.307,-0.1576179,-4.67016,0,-0.695217,-2.244861,-328.901325,-10688.298,1,0.0297,0.88,0,0.131,0.423,61.975,2014,0.00088209,0.026136,0,0.0038907,0.0125631,1.8406575,59.8158,0.7744,0,0.11528,0.37224,54.538,1772.32,0,0,0,0,0,0.017161,0.055413,8.118725,263.834,0.178929,26.215425,851.922,3840.900625,124817.65,4056196,-116041.067,10200.07156,1,63
21,1,0.703,0.747,0,-4.446,0,0.0895,0.283,0,0.396,0.7,149.974,2014,0.494209,0.525141,0,-3.125538,0,0.0629185,0.198949,0,0.278388,0.4921,105.431722,1415.842,0.558009,0,-3.321162,0,0.0668565,0.211401,0,0.295812,0.5229,112.030578,1504.458,0,0,0,0,0,0,0,0,0,0,19.766916,0,-0.397917,-1.258218,0,-1.760616,-3.1122,-666.784404,-8954.244,0,0,0,0,0,0,0,0,0.00801025,0.0253285,0,0.035442,0.06265,13.422673,180.253,0.080089,0,0.112068,0.1981,42.442642,569.962,0,0,0,0,0,0.156816,0.2772,59.389704,797.544,0.49,104.9818,1409.8,22492.20068,302047.636,4056196,62168.90496,2988.277951,1,62
22,1,0.381,0.631,0,-5.886,1,0.262,0.0453,0,0.129,0.37,170.187,2014,0.145161,0.240411,0,-2.242566,0.381,0.099822,0.0172593,0,0.049149,0.14097,64.841247,767.334,0.398161,0,-3.714066,0.631,0.165322,0.0285843,0,0.081399,0.23347,107.387997,1270.834,0,0,0,0,0,0,0,0,0,0,34.644996,-5.886,-1.542132,-0.2666358,0,-0.759294,-2.17782,-1001.720682,-11854.404,1,0.262,0.0453,0,0.129,0.37,170.187,2014,0.068644,0.0118686,0,0.033798,0.09694,44.588994,527.668,0.00205209,0,0.0058437,0.016761,7.7094711,91.2342,0,0,0,0,0,0.016641,0.04773,21.954123,259.806,0.1369,62.96919,745.18,28963.61497,342756.618,4056196,103310.6228,1976.430503,1,57
23,1,0.692,0.608,8,-5.233,0,0.041,0.218,0,0.348,0.449,125.012,2013,0.478864,0.420736,5.536,-3.621236,0,0.028372,0.150856,0,0.240816,0.310708,86.508304,1392.996,0.369664,4.864,-3.181664,0,0.024928,0.132544,0,0.211584,0.272992,76.007296,1223.904,64,-41.864,0,0.328,1.744,0,2.784,3.592,1000.096,16104,27.384289,0,-0.214553,-1.140794,0,-1.821084,-2.349617,-654.187796,-10534.029,0,0,0,0,0,0,0,0,0.001681,0.008938,0,0.014268,0.018409,5.125492,82.533,0.047524,0,0.075864,0.097882,27.252616,438.834,0,0,0,0,0,0.121104,0.156252,43.504176,700.524,0.201601,56.130388,903.837,15628.00014,251649.156,4052169,11302.56597,11015.98262,1,61
24,1,0.725,0.796,1,-3.684,1,0.0326,0.0154,0,0.354,0.517,101.976,2013,0.525625,0.5771,0.725,-2.6709,0.725,0.023635,0.011165,0,0.25665,0.374825,73.9326,1459.425,0.633616,0.796,-2.932464,0.796,0.0259496,0.0122584,0,0.281784,0.411532,81.172896,1602.348,1,-3.684,1,0.0326,0.0154,0,0.354,0.517,101.976,2013,13.571856,-3.684,-0.1200984,-0.0567336,0,-1.304136,-1.904628,-375.679584,-7415.892,1,0.0326,0.0154,0,0.354,0.517,101.976,2013,0.00106276,0.00050204,0,0.0115404,0.0168542,3.3244176,65.6238,0.00023716,0,0.0054516,0.0079618,1.5704304,31.0002,0,0,0,0,0,0.125316,0.183018,36.099504,712.602,0.267289,52.721592,1040.721,10399.10458,205277.688,4052169,-35274.43718,8788.442291,1,60
25,1,0.621,0.834,7,-3.166,1,0.105,0.127,0,0.0854,0.561,156.095,2013,0.385641,0.517914,4.347,-1.966086,0.621,0.065205,0.078867,0,0.0530334,0.348381,96.934995,1250.073,0.695556,5.838,-2.640444,0.834,0.08757,0.105918,0,0.0712236,0.467874,130.18323,1678.842,49,-22.162,7,0.735,0.889,0,0.5978,3.927,1092.665,14091,10.023556,-3.166,-0.33243,-0.402082,0,-0.2703764,-1.776126,-494.19677,-6373.158,1,0.105,0.127,0,0.0854,0.561,156.095,2013,0.011025,0.013335,0,0.008967,0.058905,16.389975,211.365,0.016129,0,0.0108458,0.071247,19.824065,255.651,0,0,0,0,0,0.00729316,0.0479094,13.330513,171.9102,0.314721,87.569295,1129.293,24365.64903,314219.235,4052169,74534.09115,10564.08208,1,56
26,1,0.536,0.521,7,-4.128,1,0.0274,0.41,0,0.142,0.314,72.06,2013,0.287296,0.279256,3.752,-2.212608,0.536,0.0146864,0.21976,0,0.076112,0.168304,38.62416,1078.968,0.271441,3.647,-2.150688,0.521,0.0142754,0.21361,0,0.073982,0.163594,37.54326,1048.773,49,-28.896,7,0.1918,2.87,0,0.994,2.198,504.42,14091,17.040384,-4.128,-0.1131072,-1.69248,0,-0.586176,-1.296192,-297.46368,-8309.664,1,0.0274,0.41,0,0.142,0.314,72.06,2013,0.00075076,0.011234,0,0.0038908,0.0086036,1.974444,55.1562,0.1681,0,0.05822,0.12874,29.5446,825.33,0,0,0,0,0,0.020164,0.044588,10.23252,285.846,0.098596,22.62684,632.082,5192.6436,145056.78,4052169,-95699.94846,12282.75066,1,61
27,1,0.624,0.821,1,-3.844,0,0.0422,0.112,0,0.276,0.449,93.984,2013,0.389376,0.512304,0.624,-2.398656,0,0.0263328,0.069888,0,0.172224,0.280176,58.646016,1256.112,0.674041,0.821,-3.155924,0,0.0346462,0.091952,0,0.226596,0.368629,77.160864,1652.673,1,-3.844,0,0.0422,0.112,0,0.276,0.449,93.984,2013,14.776336,0,-0.1622168,-0.430528,0,-1.060944,-1.725956,-361.274496,-7737.972,0,0,0,0,0,0,0,0,0.00178084,0.0047264,0,0.0116472,0.0189478,3.9661248,84.9486,0.012544,0,0.030912,0.050288,10.526208,225.456,0,0,0,0,0,0.076176,0.123924,25.939584,555.588,0.201601,42.198816,903.837,8832.992256,189189.792,4052169,-51431.78835,8920.864091,1,48
28,1,0.738,0.804,1,-4.286,0,0.0821,0.163,0,0.826,0.717,120.017,2013,0.544644,0.593352,0.738,-3.163068,0,0.0605898,0.120294,0,0.609588,0.529146,88.572546,1485.594,0.646416,0.804,-3.445944,0,0.0660084,0.131052,0,0.664104,0.576468,96.493668,1618.452,1,-4.286,0,0.0821,0.163,0,0.826,0.717,120.017,2013,18.369796,0,-0.3518806,-0.698618,0,-3.540236,-3.073062,-514.392862,-8627.718,0,0,0,0,0,0,0,0,0.00674041,0.0133823,0,0.0678146,0.0588657,9.8533957,165.2673,0.026569,0,0.134638,0.116871,19.562771,328.119,0,0,0,0,0,0.682276,0.592242,99.134042,1662.738,0.514089,86.052189,1443.321,14404.08029,241594.221,4052169,1232.763447,8109.006619,1,51
29,1,0.675,0.643,7,-6.004,1,0.0315,0.233,0,0.561,0.325,114.051,2013,0.455625,0.434025,4.725,-4.0527,0.675,0.0212625,0.157275,0,0.378675,0.219375,76.984425,1358.775,0.413449,4.501,-3.860572,0.643,0.0202545,0.149819,0,0.360723,0.208975,73.334793,1294.359,49,-42.028,7,0.2205,1.631,0,3.927,2.275,798.357,14091,36.048016,-6.004,-0.189126,-1.398932,0,-3.368244,-1.9513,-684.762204,-12086.052,1,0.0315,0.233,0,0.561,0.325,114.051,2013,0.00099225,0.0073395,0,0.0176715,0.0102375,3.5926065,63.4095,0.054289,0,0.130713,0.075725,26.573883,469.029,0,0,0,0,0,0.314721,0.182325,63.982611,1129.293,0.105625,37.066575,654.225,13007.6306,229584.663,4052169,-10936.8931,10527.20086,1,52
30,1,0.645,0.877,5,-3.208,0,0.113,0.294,0,0.0759,0.861,82.324,2013,0.416025,0.565665,3.225,-2.06916,0,0.072885,0.18963,0,0.0489555,0.555345,53.09898,1298.385,0.769129,4.385,-2.813416,0,0.099101,0.257838,0,0.0665643,0.755097,72.198148,1765.401,25,-16.04,0,0.565,1.47,0,0.3795,4.305,411.62,10065,10.291264,0,-0.362504,-0.943152,0,-0.2434872,-2.762088,-264.095392,-6457.704,0,0,0,0,0,0,0,0,0.012769,0.033222,0,0.0085767,0.097293,9.302612,227.469,0.086436,0,0.0223146,0.253134,24.203256,591.822,0,0,0,0,0,0.00576081,0.0653499,6.2483916,152.7867,0.741321,70.880964,1733.193,6777.240976,165718.212,4052169,-74963.40134,11394.93769,1,69
31,1,0.764,0.842,6,-3.835,1,0.059,0.0546,0,0.0351,0.869,105.018,2013,0.583696,0.643288,4.584,-2.92994,0.764,0.045076,0.0417144,0,0.0268164,0.663916,80.233752,1537.932,0.708964,5.052,-3.22907,0.842,0.049678,0.0459732,0,0.0295542,0.731698,88.425156,1694.946,36,-23.01,6,0.354,0.3276,0,0.2106,5.214,630.108,12078,14.707225,-3.835,-0.226265,-0.209391,0,-0.1346085,-3.332615,-402.74403,-7719.855,1,0.059,0.0546,0,0.0351,0.869,105.018,2013,0.003481,0.0032214,0,0.0020709,0.051271,6.196062,118.767,0.00298116,0,0.00191646,0.0474474,5.7339828,109.9098,0,0,0,0,0,0.00123201,0.0305019,3.6861318,70.6563,0.755161,91.260642,1749.297,11028.78032,211401.234,4052169,-29142.86436,11080.62199,1,52
32,1,0.323,0.327,2,-7.494,1,0.0411,0.824,0,0.101,0.335,81.329,2013,0.104329,0.105621,0.646,-2.420562,0.323,0.0132753,0.266152,0,0.032623,0.108205,26.269267,650.199,0.106929,0.654,-2.450538,0.327,0.0134397,0.269448,0,0.033027,0.109545,26.594583,658.251,4,-14.988,2,0.0822,1.648,0,0.202,0.67,162.658,4026,56.160036,-7.494,-0.3080034,-6.175056,0,-0.756894,-2.51049,-609.479526,-15085.422,1,0.0411,0.824,0,0.101,0.335,81.329,2013,0.00168921,0.0338664,0,0.0041511,0.0137685,3.3426219,82.7343,0.678976,0,0.083224,0.27604,67.015096,1658.712,0,0,0,0,0,0.010201,0.033835,8.214229,203.313,0.112225,27.245215,674.355,6614.406241,163715.277,4052169,-77110.48294,8367.049287,1,63
33,1,0.665,0.809,8,-4.574,1,0.0464,0.156,0,0.0613,0.811,99.029,2013,0.442225,0.537985,5.32,-3.04171,0.665,0.030856,0.10374,0,0.0407645,0.539315,65.854285,1338.645,0.654481,6.472,-3.700366,0.809,0.0375376,0.126204,0,0.0495917,0.656099,80.114461,1628.517,64,-36.592,8,0.3712,1.248,0,0.4904,6.488,792.232,16104,20.921476,-4.574,-0.2122336,-0.713544,0,-0.2803862,-3.709514,-452.958646,-9207.462,1,0.0464,0.156,0,0.0613,0.811,99.029,2013,0.00215296,0.0072384,0,0.00284432,0.0376304,4.5949456,93.4032,0.024336,0,0.0095628,0.126516,15.448524,314.028,0,0,0,0,0,0.00375769,0.0497143,6.0704777,123.3969,0.657721,80.312519,1632.543,9806.742841,199345.377,4052169,-41286.65253,11925.1067,1,49
34,1,0.585,0.831,9,-4.024,1,0.0334,0.0391,0.000144,0.104,0.28,130.059,2013,0.342225,0.486135,5.265,-2.35404,0.585,0.019539,0.0228735,8.42E-05,0.06084,0.1638,76.084515,1177.605,0.690561,7.479,-3.343944,0.831,0.0277554,0.0324921,0.000119664,0.086424,0.23268,108.079029,1672.803,81,-36.216,9,0.3006,0.3519,0.001296,0.936,2.52,1170.531,18117,16.192576,-4.024,-0.1344016,-0.1573384,-0.000579456,-0.418496,-1.12672,-523.357416,-8100.312,1,0.0334,0.0391,0.000144,0.104,0.28,130.059,2013,0.00111556,0.00130594,4.81E-06,0.0034736,0.009352,4.3439706,67.2342,0.00152881,5.63E-06,0.0040664,0.010948,5.0853069,78.7083,2.07E-08,1.50E-05,4.03E-05,0.018728496,0.289872,0.010816,0.02912,13.526136,209.352,0.0784,36.41652,563.64,16915.34348,261808.767,4052169,21576.92187,11839.79341,1,47
35,1,0.503,0.8,2,-2.763,1,0.0391,0.125,0,0.109,0.789,205.95,2013,0.253009,0.4024,1.006,-1.389789,0.503,0.0196673,0.062875,0,0.054827,0.396867,103.59285,1012.539,0.64,1.6,-2.2104,0.8,0.03128,0.1,0,0.0872,0.6312,164.76,1610.4,4,-5.526,2,0.0782,0.25,0,0.218,1.578,411.9,4026,7.634169,-2.763,-0.1080333,-0.345375,0,-0.301167,-2.180007,-569.03985,-5561.919,1,0.0391,0.125,0,0.109,0.789,205.95,2013,0.00152881,0.0048875,0,0.0042619,0.0308499,8.052645,78.7083,0.015625,0,0.013625,0.098625,25.74375,251.625,0,0,0,0,0,0.011881,0.086001,22.44855,219.417,0.622521,162.49455,1588.257,42415.4025,414577.35,4052169,176376.4967,7140.955716,1,79
36,1,0.563,0.931,11,-3.468,1,0.0912,0.0904,0,0.258,0.81,180.027,2013,0.316969,0.524153,6.193,-1.952484,0.563,0.0513456,0.0508952,0,0.145254,0.45603,101.355201,1133.319,0.866761,10.241,-3.228708,0.931,0.0849072,0.0841624,0,0.240198,0.75411,167.605137,1874.103,121,-38.148,11,1.0032,0.9944,0,2.838,8.91,1980.297,22143,12.027024,-3.468,-0.3162816,-0.3135072,0,-0.894744,-2.80908,-624.333636,-6981.084,1,0.0912,0.0904,0,0.258,0.81,180.027,2013,0.00831744,0.00824448,0,0.0235296,0.073872,16.4184624,183.5856,0.00817216,0,0.0233232,0.073224,16.2744408,181.9752,0,0,0,0,0,0.066564,0.20898,46.446966,519.354,0.6561,145.82187,1630.53,32409.72073,362394.351,4052169,123307.5086,11844.96056,1,65
37,1,0.627,0.533,1,-5.965,1,0.052,0.257,0,0.351,0.428,135.006,2013,0.393129,0.334191,0.627,-3.740055,0.627,0.032604,0.161139,0,0.220077,0.268356,84.648762,1262.151,0.284089,0.533,-3.179345,0.533,0.027716,0.136981,0,0.187083,0.228124,71.958198,1072.929,1,-5.965,1,0.052,0.257,0,0.351,0.428,135.006,2013,35.581225,-5.965,-0.31018,-1.533005,0,-2.093715,-2.55302,-805.31079,-12007.545,1,0.052,0.257,0,0.351,0.428,135.006,2013,0.002704,0.013364,0,0.018252,0.022256,7.020312,104.676,0.066049,0,0.090207,0.109996,34.696542,517.341,0,0,0,0,0,0.123201,0.150228,47.387106,706.563,0.183184,57.782568,861.564,18226.62004,271767.078,4052169,31580.69217,7112.536897,1,73
38,1,0.748,0.777,0,-5.749,1,0.136,0.0498,0,0.284,0.769,95.986,2013,0.559504,0.581196,0,-4.300252,0.748,0.101728,0.0372504,0,0.212432,0.575212,71.797528,1505.724,0.603729,0,-4.466973,0.777,0.105672,0.0386946,0,0.220668,0.597513,74.581122,1564.101,0,0,0,0,0,0,0,0,0,0,33.051001,-5.749,-0.781864,-0.2863002,0,-1.632716,-4.420981,-551.823514,-11572.737,1,0.136,0.0498,0,0.284,0.769,95.986,2013,0.018496,0.0067728,0,0.038624,0.104584,13.054096,273.768,0.00248004,0,0.0141432,0.0382962,4.7801028,100.2474,0,0,0,0,0,0.080656,0.218396,27.260024,571.692,0.591361,73.813234,1547.997,9213.312196,193219.818,4052169,-47447.39422,7690.946857,1,81
39,1,0.598,0.815,9,-4.802,1,0.0457,0.1,0,0.112,0.581,162.04,2011,0.357604,0.48737,5.382,-2.871596,0.598,0.0273286,0.0598,0,0.066976,0.347438,96.89992,1202.578,0.664225,7.335,-3.91363,0.815,0.0372455,0.0815,0,0.09128,0.473515,132.0626,1638.965,81,-43.218,9,0.4113,0.9,0,1.008,5.229,1458.36,18099,23.059204,-4.802,-0.2194514,-0.4802,0,-0.537824,-2.789962,-778.11608,-9656.822,1,0.0457,0.1,0,0.112,0.581,162.04,2011,0.00208849,0.00457,0,0.0051184,0.0265517,7.405228,91.9027,0.01,0,0.0112,0.0581,16.204,201.1,0,0,0,0,0,0.012544,0.065072,18.14848,225.232,0.337561,94.14524,1168.391,26256.9616,325862.44,4044121,86340.00955,18457.85414,1,52
40,1,0.334,0.622,5,-5.611,0,0.0632,0.0826,1.34E-05,0.106,0.209,139.546,2015,0.111556,0.207748,1.67,-1.874074,0,0.0211088,0.0275884,4.48E-06,0.035404,0.069806,46.608364,673.01,0.386884,3.11,-3.490042,0,0.0393104,0.0513772,8.33E-06,0.065932,0.129998,86.797612,1253.33,25,-28.055,0,0.316,0.413,6.70E-05,0.53,1.045,697.73,10075,31.483321,0,-0.3546152,-0.4634686,-7.52E-05,-0.594766,-1.172699,-782.992606,-11306.165,0,0,0,0,0,0,0,0,0.00399424,0.00522032,8.47E-07,0.0066992,0.0132088,8.8193072,127.348,0.00682276,1.11E-06,0.0087556,0.0172634,11.5264996,166.439,1.80E-10,1.42E-06,2.80E-06,0.001869916,0.027001,0.011236,0.022154,14.791876,213.59,0.043681,29.165114,421.135,19473.08612,281185.19,4060225,40999.88658,1386.332382,1,59
41,1,0.525,0.621,7,-7.364,1,0.116,0.0489,0,0.294,0.591,191.9,2014,0.275625,0.326025,3.675,-3.8661,0.525,0.0609,0.0256725,0,0.15435,0.310275,100.7475,1057.35,0.385641,4.347,-4.573044,0.621,0.072036,0.0303669,0,0.182574,0.367011,119.1699,1250.694,49,-51.548,7,0.812,0.3423,0,2.058,4.137,1343.3,14098,54.228496,-7.364,-0.854224,-0.3600996,0,-2.165016,-4.352124,-1413.1516,-14831.096,1,0.116,0.0489,0,0.294,0.591,191.9,2014,0.013456,0.0056724,0,0.034104,0.068556,22.2604,233.624,0.00239121,0,0.0143766,0.0288999,9.38391,98.4846,0,0,0,0,0,0.086436,0.173754,56.4186,592.116,0.349281,113.4129,1190.274,36825.61,386486.6,4056196,147602.5716,4333.132843,1,90
42,1,0.656,0.842,0,-5.714,1,0.24,0.5,0,0.0787,0.384,101.364,2014,0.430336,0.552352,0,-3.748384,0.656,0.15744,0.328,0,0.0516272,0.251904,66.494784,1321.184,0.708964,0,-4.811188,0.842,0.20208,0.421,0,0.0662654,0.323328,85.348488,1695.788,0,0,0,0,0,0,0,0,0,0,32.649796,-5.714,-1.37136,-2.857,0,-0.4496918,-2.194176,-579.193896,-11507.996,1,0.24,0.5,0,0.0787,0.384,101.364,2014,0.0576,0.12,0,0.018888,0.09216,24.32736,483.36,0.25,0,0.03935,0.192,50.682,1007,0,0,0,0,0,0.00619369,0.0302208,7.9773468,158.5018,0.147456,38.923776,773.376,10274.6605,204147.096,4056196,-36517.18772,3718.355641,1,60
43,1,0.623,0.734,9,-5.95,1,0.107,0.0162,1.90E-06,0.145,0.372,107.853,2016,0.388129,0.457282,5.607,-3.70685,0.623,0.066661,0.0100926,1.18E-06,0.090335,0.231756,67.192419,1255.968,0.538756,6.606,-4.3673,0.734,0.078538,0.0118908,1.39E-06,0.10643,0.273048,79.164102,1479.744,81,-53.55,9,0.963,0.1458,1.71E-05,1.305,3.348,970.677,18144,35.4025,-5.95,-0.63665,-0.09639,-1.13E-05,-0.86275,-2.2134,-641.72535,-11995.2,1,0.107,0.0162,1.90E-06,0.145,0.372,107.853,2016,0.011449,0.0017334,2.03E-07,0.015515,0.039804,11.540271,215.712,0.00026244,3.08E-08,0.002349,0.0060264,1.7472186,32.6592,3.61E-12,2.76E-07,7.07E-07,0.000204921,0.0038304,0.021025,0.05394,15.638685,292.32,0.138384,40.121316,749.952,11632.26961,217431.648,4064256,-23287.852,155.1088414,1,80
44,1,0.65,0.736,6,-5.84,0,0.229,0.0513,0,0.235,0.612,159.174,2016,0.4225,0.4784,3.9,-3.796,0,0.14885,0.033345,0,0.15275,0.3978,103.4631,1310.4,0.541696,4.416,-4.29824,0,0.168544,0.0377568,0,0.17296,0.450432,117.152064,1483.776,36,-35.04,0,1.374,0.3078,0,1.41,3.672,955.044,12096,34.1056,0,-1.33736,-0.299592,0,-1.3724,-3.57408,-929.57616,-11773.44,0,0,0,0,0,0,0,0,0.052441,0.0117477,0,0.053815,0.140148,36.450846,461.664,0.00263169,0,0.0120555,0.0313956,8.1656262,103.4208,0,0,0,0,0,0.055225,0.14382,37.40589,473.76,0.374544,97.414488,1233.792,25336.36228,320894.784,4064256,81075.1402,-2519.385907,1,80
45,1,0.62,0.705,1,-5.335,1,0.0989,0.0323,0,0.092,0.844,109.974,2016,0.3844,0.4371,0.62,-3.3077,0.62,0.061318,0.020026,0,0.05704,0.52328,68.18388,1249.92,0.497025,0.705,-3.761175,0.705,0.0697245,0.0227715,0,0.06486,0.59502,77.53167,1421.28,1,-5.335,1,0.0989,0.0323,0,0.092,0.844,109.974,2016,28.462225,-5.335,-0.5276315,-0.1723205,0,-0.49082,-4.50274,-586.71129,-10755.36,1,0.0989,0.0323,0,0.092,0.844,109.974,2016,0.00978121,0.00319447,0,0.0090988,0.0834716,10.8764286,199.3824,0.00104329,0,0.0029716,0.0272612,3.5521602,65.1168,0,0,0,0,0,0.008464,0.077648,10.117608,185.472,0.712336,92.818056,1701.504,12094.28068,221707.584,4064256,-18939.07867,-3547.900107,1,68
46,1,0.445,0.449,8,-7.472,0,0.0315,0.596,2.34E-05,0.339,0.374,90.927,2016,0.198025,0.199805,3.56,-3.32504,0,0.0140175,0.26522,1.04E-05,0.150855,0.16643,40.462515,897.12,0.201601,3.592,-3.354928,0,0.0141435,0.267604,1.05E-05,0.152211,0.167926,40.826223,905.184,64,-59.776,0,0.252,4.768,0.0001872,2.712,2.992,727.416,16128,55.830784,0,-0.235368,-4.453312,-0.000174845,-2.533008,-2.794528,-679.406544,-15063.552,0,0,0,0,0,0,0,0,0.00099225,0.018774,7.37E-07,0.0106785,0.011781,2.8642005,63.504,0.355216,1.39E-05,0.202044,0.222904,54.192492,1201.536,5.48E-10,7.93E-06,8.75E-06,0.002127692,0.0471744,0.114921,0.126786,30.824253,683.424,0.139876,34.006698,753.984,8267.719329,183308.832,4064256,-57605.08399,-485.7072173,1,64
47,1,0.637,0.733,7,-4.387,0,0.0553,0.0152,0,0.162,0.432,131.005,2016,0.405769,0.466921,4.459,-2.794519,0,0.0352261,0.0096824,0,0.103194,0.275184,83.450185,1284.192,0.537289,5.131,-3.215671,0,0.0405349,0.0111416,0,0.118746,0.316656,96.026665,1477.728,49,-30.709,0,0.3871,0.1064,0,1.134,3.024,917.035,14112,19.245769,0,-0.2426011,-0.0666824,0,-0.710694,-1.895184,-574.718935,-8844.192,0,0,0,0,0,0,0,0,0.00305809,0.00084056,0,0.0089586,0.0238896,7.2445765,111.4848,0.00023104,0,0.0024624,0.0065664,1.991276,30.6432,0,0,0,0,0,0.026244,0.069984,21.22281,326.592,0.186624,56.59416,870.912,17162.31003,264106.08,4064256,23763.915,-816.5493627,1,72
48,1,0.394,0.666,4,-5.383,1,0.25,0.0901,0,0.344,0.561,77.827,2016,0.155236,0.262404,1.576,-2.120902,0.394,0.0985,0.0354994,0,0.135536,0.221034,30.663838,794.304,0.443556,2.664,-3.585078,0.666,0.1665,0.0600066,0,0.229104,0.373626,51.832782,1342.656,16,-21.532,4,1,0.3604,0,1.376,2.244,311.308,8064,28.976689,-5.383,-1.34575,-0.4850083,0,-1.851752,-3.019863,-418.942741,-10852.128,1,0.25,0.0901,0,0.344,0.561,77.827,2016,0.0625,0.022525,0,0.086,0.14025,19.45675,504,0.00811801,0,0.0309944,0.0505461,7.0122127,181.6416,0,0,0,0,0,0.118336,0.192984,26.772488,693.504,0.314721,43.660947,1130.976,6057.041929,156899.232,4064256,-83992.93153,-1292.723969,1,63
49,1,0.59,0.403,0,-8.286,1,0.0431,0.729,1.38E-06,0.153,0.287,111.948,2016,0.3481,0.23777,0,-4.88874,0.59,0.025429,0.43011,8.14E-07,0.09027,0.16933,66.04932,1189.44,0.162409,0,-3.339258,0.403,0.0173693,0.293787,5.56E-07,0.061659,0.115661,45.115044,812.448,0,0,0,0,0,0,0,0,0,0,68.657796,-8.286,-0.3571266,-6.040494,-1.14E-05,-1.267758,-2.378082,-927.601128,-16704.576,1,0.0431,0.729,1.38E-06,0.153,0.287,111.948,2016,0.00185761,0.0314199,5.95E-08,0.0065943,0.0123697,4.8249588,86.8896,0.531441,1.01E-06,0.111537,0.209223,81.610092,1469.664,1.90E-12,2.11E-07,3.96E-07,0.000154488,0.00278208,0.023409,0.043911,17.128044,308.448,0.082369,32.129076,578.592,12532.3547,225687.168,4064256,-15037.14116,-5198.90803,1,60
50,1,0.698,0.646,4,-5.368,0,0.0415,0.0146,0,0.269,0.787,131.945,2016,0.487204,0.450908,2.792,-3.746864,0,0.028967,0.0101908,0,0.187762,0.549326,92.09761,1407.168,0.417316,2.584,-3.467728,0,0.026809,0.0094316,0,0.173774,0.508402,85.23647,1302.336,16,-21.472,0,0.166,0.0584,0,1.076,3.148,527.78,8064,28.815424,0,-0.222772,-0.0783728,0,-1.443992,-4.224616,-708.28076,-10821.888,0,0,0,0,0,0,0,0,0.00172225,0.0006059,0,0.0111635,0.0326605,5.4757175,83.664,0.00021316,0,0.0039274,0.0114902,1.926397,29.4336,0,0,0,0,0,0.072361,0.211703,35.493205,542.304,0.619369,103.840715,1586.592,17409.48302,266001.12,4064256,25653.17707,-2658.179748,1,63
51,1,0.536,0.694,7,-4.369,0,0.0331,0.0305,0,0.183,0.293,100.899,2016,0.287296,0.371984,3.752,-2.341784,0,0.0177416,0.016348,0,0.098088,0.157048,54.081864,1080.576,0.481636,4.858,-3.032086,0,0.0229714,0.021167,0,0.127002,0.203342,70.023906,1399.104,49,-30.583,0,0.2317,0.2135,0,1.281,2.051,706.293,14112,19.088161,0,-0.1446139,-0.1332545,0,-0.799527,-1.280117,-440.827731,-8807.904,0,0,0,0,0,0,0,0,0.00109561,0.00100955,0,0.0060573,0.0096983,3.3397569,66.7296,0.00093025,0,0.0055815,0.0089365,3.0774195,61.488,0,0,0,0,0,0.033489,0.053619,18.464517,368.928,0.085849,29.563407,590.688,10180.6082,203412.384,4064256,-37314.62495,-63.92913159,1,67
52,1,0.484,0.38,6,-6.706,1,0.071,0.235,3.80E-06,0.0998,0.372,106.652,2016,0.234256,0.18392,2.904,-3.245704,0.484,0.034364,0.11374,1.84E-06,0.0483032,0.180048,51.619568,975.744,0.1444,2.28,-2.54828,0.38,0.02698,0.0893,1.44E-06,0.037924,0.14136,40.52776,766.08,36,-40.236,6,0.426,1.41,2.28E-05,0.5988,2.232,639.912,12096,44.970436,-6.706,-0.476126,-1.57591,-2.55E-05,-0.6692588,-2.494632,-715.208312,-13519.296,1,0.071,0.235,3.80E-06,0.0998,0.372,106.652,2016,0.005041,0.016685,2.70E-07,0.0070858,0.026412,7.572292,143.136,0.055225,8.93E-07,0.023453,0.08742,25.06322,473.76,1.44E-11,3.79E-07,1.41E-06,0.000405278,0.0076608,0.00996004,0.0371256,10.6438696,201.1968,0.138384,39.674544,749.952,11374.6491,215010.432,4064256,-25738.91509,-1561.913547,1,63
53,1,0.507,0.697,11,-6.021,1,0.0616,0.0149,0.000887,0.122,0.401,102.983,2016,0.257049,0.353379,5.577,-3.052647,0.507,0.0312312,0.0075543,0.000449709,0.061854,0.203307,52.212381,1022.112,0.485809,7.667,-4.196637,0.697,0.0429352,0.0103853,0.000618239,0.085034,0.279497,71.779151,1405.152,121,-66.231,11,0.6776,0.1639,0.009757,1.342,4.411,1132.813,22176,36.252441,-6.021,-0.3708936,-0.0897129,-0.005340627,-0.734562,-2.414421,-620.060643,-12138.336,1,0.0616,0.0149,0.000887,0.122,0.401,102.983,2016,0.00379456,0.00091784,5.46E-05,0.0075152,0.0247016,6.3437528,124.1856,0.00022201,1.32E-05,0.0018178,0.0059749,1.5344467,30.0384,7.87E-07,0.000108214,0.000355687,0.091345921,1.788192,0.014884,0.048922,12.563926,245.952,0.160801,41.296183,808.416,10605.49829,207613.728,4064256,-33164.64058,1222.190383,1,66
54,1,0.626,0.412,9,-7.339,1,0.0292,0.417,3.55E-06,0.048,0.209,102.169,2016,0.391876,0.257912,5.634,-4.594214,0.626,0.0182792,0.261042,2.22E-06,0.030048,0.130834,63.957794,1262.016,0.169744,3.708,-3.023668,0.412,0.0120304,0.171804,1.46E-06,0.019776,0.086108,42.093628,830.592,81,-66.051,9,0.2628,3.753,3.20E-05,0.432,1.881,919.521,18144,53.860921,-7.339,-0.2142988,-3.060363,-2.61E-05,-0.352272,-1.533851,-749.818291,-14795.424,1,0.0292,0.417,3.55E-06,0.048,0.209,102.169,2016,0.00085264,0.0121764,1.04E-07,0.0014016,0.0061028,2.9833348,58.8672,0.173889,1.48E-06,0.020016,0.087153,42.604473,840.672,1.26E-11,1.70E-07,7.42E-07,0.0003627,0.0071568,0.002304,0.010032,4.904112,96.768,0.043681,21.353321,421.344,10438.50456,205972.704,4064256,-34853.62889,-232.0152566,1,70
55,1,0.655,0.81,5,-4.742,1,0.0421,0.00749,0.00102,0.253,0.328,114.97,2014,0.429025,0.53055,3.275,-3.10601,0.655,0.0275755,0.00490595,0.0006681,0.165715,0.21484,75.30535,1319.17,0.6561,4.05,-3.84102,0.81,0.034101,0.0060669,0.0008262,0.20493,0.26568,93.1257,1631.34,25,-23.71,5,0.2105,0.03745,0.0051,1.265,1.64,574.85,10070,22.486564,-4.742,-0.1996382,-0.03551758,-0.00483684,-1.199726,-1.555376,-545.18774,-9550.388,1,0.0421,0.00749,0.00102,0.253,0.328,114.97,2014,0.00177241,0.000315329,4.29E-05,0.0106513,0.0138088,4.840237,84.7894,5.61E-05,7.64E-06,0.00189497,0.00245672,0.8611253,15.08486,1.04E-06,0.00025806,0.00033456,0.1172694,2.05428,0.064009,0.082984,29.08741,509.542,0.107584,37.71016,660.592,13218.1009,231549.58,4056196,-8951.045462,6168.655278,1,44
56,1,0.672,0.876,6,-6.036,1,0.244,0.266,0,0.444,0.79,100.018,2015,0.451584,0.588672,4.032,-4.056192,0.672,0.163968,0.178752,0,0.298368,0.53088,67.212096,1354.08,0.767376,5.256,-5.287536,0.876,0.213744,0.233016,0,0.388944,0.69204,87.615768,1765.14,36,-36.216,6,1.464,1.596,0,2.664,4.74,600.108,12090,36.433296,-6.036,-1.472784,-1.605576,0,-2.679984,-4.76844,-603.708648,-12162.54,1,0.244,0.266,0,0.444,0.79,100.018,2015,0.059536,0.064904,0,0.108336,0.19276,24.404392,491.66,0.070756,0,0.118104,0.21014,26.604788,535.99,0,0,0,0,0,0.197136,0.35076,44.407992,894.66,0.6241,79.01422,1591.85,10003.60032,201536.27,4060225,-39210.29633,2713.673603,1,67
57,1,0.47,0.271,8,-8.335,1,0.0392,0.962,0,0.106,0.388,129.623,2016,0.2209,0.12737,3.76,-3.91745,0.47,0.018424,0.45214,0,0.04982,0.18236,60.92281,947.52,0.073441,2.168,-2.258785,0.271,0.0106232,0.260702,0,0.028726,0.105148,35.127833,546.336,64,-66.68,8,0.3136,7.696,0,0.848,3.104,1036.984,16128,69.472225,-8.335,-0.326732,-8.01827,0,-0.88351,-3.23398,-1080.407705,-16803.36,1,0.0392,0.962,0,0.106,0.388,129.623,2016,0.00153664,0.0377104,0,0.0041552,0.0152096,5.0812216,79.0272,0.925444,0,0.101972,0.373256,124.697326,1939.392,0,0,0,0,0,0.011236,0.041128,13.740038,213.696,0.150544,50.293724,782.208,16802.12213,261319.968,4064256,20812.32274,-1774.588826,1,10
58,1,0.739,0.597,0,-5.335,0,0.0801,0.0997,0,0.119,0.787,104.991,2015,0.546121,0.441183,0,-3.942565,0,0.0591939,0.0736783,0,0.087941,0.581593,77.588349,1489.085,0.356409,0,-3.184995,0,0.0478197,0.0595209,0,0.071043,0.469839,62.679627,1202.955,0,0,0,0,0,0,0,0,0,0,28.462225,0,-0.4273335,-0.5318995,0,-0.634865,-4.198645,-560.126985,-10750.025,0,0,0,0,0,0,0,0,0.00641601,0.00798597,0,0.0095319,0.0630387,8.4097791,161.4015,0.00994009,0,0.0118643,0.0784639,10.4676027,200.8955,0,0,0,0,0,0.014161,0.093653,12.493929,239.785,0.619369,82.627917,1585.805,11023.11008,211556.865,4060225,-29096.94522,-79.38471366,1,56
59,1,0.588,0.78,6,-5.599,0,0.114,0.0173,0.0017,0.178,0.247,126.055,2016,0.345744,0.45864,3.528,-3.292212,0,0.067032,0.0101724,0.0009996,0.104664,0.145236,74.12034,1185.408,0.6084,4.68,-4.36722,0,0.08892,0.013494,0.001326,0.13884,0.19266,98.3229,1572.48,36,-33.594,0,0.684,0.1038,0.0102,1.068,1.482,756.33,12096,31.348801,0,-0.638286,-0.0968627,-0.0095183,-0.996622,-1.382953,-705.781945,-11287.584,0,0,0,0,0,0,0,0,0.012996,0.0019722,0.0001938,0.020292,0.028158,14.37027,229.824,0.00029929,2.94E-05,0.0030794,0.0042731,2.1807515,34.8768,2.89E-06,0.0003026,0.0004199,0.2142935,3.4272,0.031684,0.043966,22.43779,358.848,0.061009,31.135585,497.952,15889.86303,254126.88,4064256,13668.91932,-1632.69081,1,55
60,1,0.653,0.445,0,-7.183,0,0.0413,0.31,0,0.116,0.176,144.02,2014,0.426409,0.290585,0,-4.690499,0,0.0269689,0.20243,0,0.075748,0.114928,94.04506,1315.142,0.198025,0,-3.196435,0,0.0183785,0.13795,0,0.05162,0.07832,64.0889,896.23,0,0,0,0,0,0,0,0,0,0,51.595489,0,-0.2966579,-2.22673,0,-0.833228,-1.264208,-1034.49566,-14466.562,0,0,0,0,0,0,0,0,0.00170569,0.012803,0,0.0047908,0.0072688,5.948026,83.1782,0.0961,0,0.03596,0.05456,44.6462,624.34,0,0,0,0,0,0.013456,0.020416,16.70632,233.624,0.030976,25.34752,354.464,20741.7604,290056.28,4056196,49961.68478,2098.464905,1,54
61,1,0.861,0.33,6,-7.194,1,0.0526,0.627,1.93E-06,0.14,0.718,95.016,2016,0.741321,0.28413,5.166,-6.194034,0.861,0.0452886,0.539847,1.66E-06,0.12054,0.618198,81.808776,1735.776,0.1089,1.98,-2.37402,0.33,0.017358,0.20691,6.37E-07,0.0462,0.23694,31.35528,665.28,36,-43.164,6,0.3156,3.762,1.16E-05,0.84,4.308,570.096,12096,51.753636,-7.194,-0.3784044,-4.510638,-1.39E-05,-1.00716,-5.165292,-683.545104,-14503.104,1,0.0526,0.627,1.93E-06,0.14,0.718,95.016,2016,0.00276676,0.0329802,1.02E-07,0.007364,0.0377668,4.9978416,106.0416,0.393129,1.21E-06,0.08778,0.450186,59.575032,1264.032,3.72E-12,2.70E-07,1.39E-06,0.000183381,0.00389088,0.0196,0.10052,13.30224,282.24,0.515524,68.221488,1447.488,9028.040256,191552.256,4064256,-49318.75039,-1451.029854,1,75
62,1,0.613,0.903,10,-3.394,1,0.185,0.495,0.00166,0.0397,0.599,131.034,2014,0.375769,0.553539,6.13,-2.080522,0.613,0.113405,0.303435,0.00101758,0.0243361,0.367187,80.323842,1234.582,0.815409,9.03,-3.064782,0.903,0.167055,0.446985,0.00149898,0.0358491,0.540897,118.323702,1818.642,100,-33.94,10,1.85,4.95,0.0166,0.397,5.99,1310.34,20140,11.519236,-3.394,-0.62789,-1.68003,-0.00563404,-0.1347418,-2.033006,-444.729396,-6835.516,1,0.185,0.495,0.00166,0.0397,0.599,131.034,2014,0.034225,0.091575,0.0003071,0.0073445,0.110815,24.24129,372.59,0.245025,0.0008217,0.0196515,0.296505,64.86183,996.93,2.76E-06,6.59E-05,0.00099434,0.21751644,3.34324,0.00157609,0.0237803,5.2020498,79.9558,0.358801,78.489366,1206.386,17169.90916,263902.476,4056196,23662.31562,8697.535631,1,0
63,1,0.514,0.774,7,-5.569,1,0.279,0.343,0,0.28,0.604,116.037,2015,0.264196,0.397836,3.598,-2.862466,0.514,0.143406,0.176302,0,0.14392,0.310456,59.643018,1035.71,0.599076,5.418,-4.310406,0.774,0.215946,0.265482,0,0.21672,0.467496,89.812638,1559.61,49,-38.983,7,1.953,2.401,0,1.96,4.228,812.259,14105,31.013761,-5.569,-1.553751,-1.910167,0,-1.55932,-3.363676,-646.210053,-11221.535,1,0.279,0.343,0,0.28,0.604,116.037,2015,0.077841,0.095697,0,0.07812,0.168516,32.374323,562.185,0.117649,0,0.09604,0.207172,39.800691,691.145,0,0,0,0,0,0.0784,0.16912,32.49036,564.2,0.364816,70.086348,1217.06,13464.58537,233814.555,4060225,-6748.419483,2963.911727,1,55
64,1,0.732,0.871,1,-3.626,1,0.172,0.145,0,0.0567,0.931,158.052,2016,0.535824,0.637572,0.732,-2.654232,0.732,0.125904,0.10614,0,0.0415044,0.681492,115.694064,1475.712,0.758641,0.871,-3.158246,0.871,0.149812,0.126295,0,0.0493857,0.810901,137.663292,1755.936,1,-3.626,1,0.172,0.145,0,0.0567,0.931,158.052,2016,13.147876,-3.626,-0.623672,-0.52577,0,-0.2055942,-3.375806,-573.096552,-7310.016,1,0.172,0.145,0,0.0567,0.931,158.052,2016,0.029584,0.02494,0,0.0097524,0.160132,27.184944,346.752,0.021025,0,0.0082215,0.134995,22.91754,292.32,0,0,0,0,0,0.00321489,0.0527877,8.9615484,114.3072,0.866761,147.146412,1876.896,24980.4347,318632.832,4064256,78875.33743,-4085.148175,1,59
65,1,0.641,0.615,6,-5.363,0,0.045,0.0928,0,0.0949,0.129,119.899,2016,0.410881,0.394215,3.846,-3.437683,0,0.028845,0.0594848,0,0.0608309,0.082689,76.855259,1292.256,0.378225,3.69,-3.298245,0,0.027675,0.057072,0,0.0583635,0.079335,73.737885,1239.84,36,-32.178,0,0.27,0.5568,0,0.5694,0.774,719.394,12096,28.761769,0,-0.241335,-0.4976864,0,-0.5089487,-0.691827,-643.018337,-10811.808,0,0,0,0,0,0,0,0,0.002025,0.004176,0,0.0042705,0.005805,5.395455,90.72,0.00861184,0,0.00880672,0.0119712,11.1266272,187.0848,0,0,0,0,0,0.00900601,0.0122421,11.3784151,191.3184,0.016641,15.466971,260.064,14375.7702,241716.384,4064256,1175.170763,-1400.029754,1,50
66,1,0.655,0.662,7,-4.336,0,0.0554,0.451,2.72E-05,0.0773,0.581,106,2016,0.429025,0.43361,4.585,-2.84008,0,0.036287,0.295405,1.78E-05,0.0506315,0.380555,69.43,1320.48,0.438244,4.634,-2.870432,0,0.0366748,0.298562,1.80E-05,0.0511726,0.384622,70.172,1334.592,49,-30.352,0,0.3878,3.157,0.0001904,0.5411,4.067,742,14112,18.800896,0,-0.2402144,-1.955536,-0.000117939,-0.3351728,-2.519216,-459.616,-8741.376,0,0,0,0,0,0,0,0,0.00306916,0.0249854,1.51E-06,0.00428242,0.0321874,5.8724,111.6864,0.203401,1.23E-05,0.0348623,0.262031,47.806,909.216,7.40E-10,2.10E-06,1.58E-05,0.0028832,0.0548352,0.00597529,0.0449113,8.1938,155.8368,0.337561,61.586,1171.296,11236,213696,4064256,-26981.9639,-183.1081365,1,54
67,1,0.75,0.76,5,-3.583,1,0.0634,0.631,0,0.0724,0.788,141.043,2016,0.5625,0.57,3.75,-2.68725,0.75,0.04755,0.47325,0,0.0543,0.591,105.78225,1512,0.5776,3.8,-2.72308,0.76,0.048184,0.47956,0,0.055024,0.59888,107.19268,1532.16,25,-17.915,5,0.317,3.155,0,0.362,3.94,705.215,10080,12.837889,-3.583,-0.2271622,-2.260873,0,-0.2594092,-2.823404,-505.357069,-7223.328,1,0.0634,0.631,0,0.0724,0.788,141.043,2016,0.00401956,0.0400054,0,0.00459016,0.0499592,8.9421262,127.8144,0.398161,0,0.0456844,0.497228,88.998133,1272.096,0,0,0,0,0,0.00524176,0.0570512,10.2115132,145.9584,0.620944,111.141884,1588.608,19893.12785,284342.688,4064256,44208.81725,-1725.316575,1,54
68,1,0.619,0.786,0,-3.067,1,0.0512,0.537,0,0.213,0.542,98.001,2016,0.383161,0.486534,0,-1.898473,0.619,0.0316928,0.332403,0,0.131847,0.335498,60.662619,1247.904,0.617796,0,-2.410662,0.786,0.0402432,0.422082,0,0.167418,0.426012,77.028786,1584.576,0,0,0,0,0,0,0,0,0,0,9.406489,-3.067,-0.1570304,-1.646979,0,-0.653271,-1.662314,-300.569067,-6183.072,1,0.0512,0.537,0,0.213,0.542,98.001,2016,0.00262144,0.0274944,0,0.0109056,0.0277504,5.0176512,103.2192,0.288369,0,0.114381,0.291054,52.626537,1082.592,0,0,0,0,0,0.045369,0.115446,20.874213,429.408,0.293764,53.116542,1092.672,9604.196001,197570.016,4064256,-43117.83931,-2893.282609,1,42
69,1,0.627,0.947,2,-3.175,1,0.175,0.165,0,0.149,0.859,167.998,2016,0.393129,0.593769,1.254,-1.990725,0.627,0.109725,0.103455,0,0.093423,0.538593,105.334746,1264.032,0.896809,1.894,-3.006725,0.947,0.165725,0.156255,0,0.141103,0.813473,159.094106,1909.152,4,-6.35,2,0.35,0.33,0,0.298,1.718,335.996,4032,10.080625,-3.175,-0.555625,-0.523875,0,-0.473075,-2.727325,-533.39365,-6400.8,1,0.175,0.165,0,0.149,0.859,167.998,2016,0.030625,0.028875,0,0.026075,0.150325,29.39965,352.8,0.027225,0,0.024585,0.141735,27.71967,332.64,0,0,0,0,0,0.022201,0.127991,25.031702,300.384,0.737881,144.310282,1731.744,28223.328,338683.968,4064256,99182.75327,-3663.595268,1,51
70,1,0.542,0.937,7,-3.14,1,0.114,0.0993,0,0.0755,0.712,165.087,2016,0.293764,0.507854,3.794,-1.70188,0.542,0.061788,0.0538206,0,0.040921,0.385904,89.477154,1092.672,0.877969,6.559,-2.94218,0.937,0.106818,0.0930441,0,0.0707435,0.667144,154.686519,1888.992,49,-21.98,7,0.798,0.6951,0,0.5285,4.984,1155.609,14112,9.8596,-3.14,-0.35796,-0.311802,0,-0.23707,-2.23568,-518.37318,-6330.24,1,0.114,0.0993,0,0.0755,0.712,165.087,2016,0.012996,0.0113202,0,0.008607,0.081168,18.819918,229.824,0.00986049,0,0.00749715,0.0707016,16.3931391,200.1888,0,0,0,0,0,0.00570025,0.053756,12.4640685,152.208,0.506944,117.541944,1435.392,27253.71757,332815.392,4064256,93224.14916,-1151.632845,1,42
71,1,0.786,0.735,0,-4.502,0,0.0495,0.362,0,0.176,0.747,110.124,2017,0.617796,0.57771,0,-3.538572,0,0.038907,0.284532,0,0.138336,0.587142,86.557464,1585.362,0.540225,0,-3.30897,0,0.0363825,0.26607,0,0.12936,0.549045,80.94114,1482.495,0,0,0,0,0,0,0,0,0,0,20.268004,0,-0.222849,-1.629724,0,-0.792352,-3.362994,-495.778248,-9080.534,0,0,0,0,0,0,0,0,0.00245025,0.017919,0,0.008712,0.0369765,5.451138,99.8415,0.131044,0,0.063712,0.270414,39.864888,730.154,0,0,0,0,0,0.030976,0.131472,19.381824,354.992,0.558009,82.262628,1506.699,12127.29538,222120.108,4068289,-18534.14673,-7585.515863,1,56
72,1,0.44,0.413,0,-7.365,0,0.0407,0.105,3.40E-05,0.0997,0.141,86.911,2017,0.1936,0.18172,0,-3.2406,0,0.017908,0.0462,1.50E-05,0.043868,0.06204,38.24084,887.48,0.170569,0,-3.041745,0,0.0168091,0.043365,1.40E-05,0.0411761,0.058233,35.894243,833.021,0,0,0,0,0,0,0,0,0,0,54.243225,0,-0.2997555,-0.773325,-0.00025041,-0.7342905,-1.038465,-640.099515,-14855.205,0,0,0,0,0,0,0,0,0.00165649,0.0042735,1.38E-06,0.00405779,0.0057387,3.5372777,82.0919,0.011025,3.57E-06,0.0104685,0.014805,9.125655,211.785,1.16E-09,3.39E-06,4.79E-06,0.002954974,0.068578,0.00994009,0.0140577,8.6650267,201.0949,0.019881,12.254451,284.397,7553.521921,175299.487,4068289,-65645.84572,-8070.028886,1,71
73,1,0.671,0.71,7,-6.749,1,0.276,0.00388,1.58E-06,0.14,0.711,98.074,2016,0.450241,0.47641,4.697,-4.528579,0.671,0.185196,0.00260348,1.06E-06,0.09394,0.477081,65.807654,1352.736,0.5041,4.97,-4.79179,0.71,0.19596,0.0027548,1.12E-06,0.0994,0.50481,69.63254,1431.36,49,-47.243,7,1.932,0.02716,1.11E-05,0.98,4.977,686.518,14112,45.549001,-6.749,-1.862724,-0.02618612,-1.07E-05,-0.94486,-4.798539,-661.901426,-13605.984,1,0.276,0.00388,1.58E-06,0.14,0.711,98.074,2016,0.076176,0.00107088,4.36E-07,0.03864,0.196236,27.068424,556.416,1.51E-05,6.13E-09,0.0005432,0.00275868,0.38052712,7.82208,2.50E-12,2.21E-07,1.12E-06,0.000154957,0.00318528,0.0196,0.09954,13.73036,282.24,0.505521,69.730614,1433.376,9618.509476,197717.184,4064256,-43113.64568,-864.1488305,1,62
74,1,0.764,0.759,8,-4.494,1,0.244,0.216,0,0.308,0.762,143.037,2015,0.583696,0.579876,6.112,-3.433416,0.764,0.186416,0.165024,0,0.235312,0.582168,109.280268,1539.46,0.576081,6.072,-3.410946,0.759,0.185196,0.163944,0,0.233772,0.578358,108.565083,1529.385,64,-35.952,8,1.952,1.728,0,2.464,6.096,1144.296,16120,20.196036,-4.494,-1.096536,-0.970704,0,-1.384152,-3.424428,-642.808278,-9055.41,1,0.244,0.216,0,0.308,0.762,143.037,2015,0.059536,0.052704,0,0.075152,0.185928,34.901028,491.66,0.046656,0,0.066528,0.164592,30.895992,435.24,0,0,0,0,0,0.094864,0.234696,44.055396,620.62,0.580644,108.994194,1535.43,20459.58337,288219.555,4060225,48127.21443,3190.37685,1,0
75,1,0.219,0.151,1,-14.097,1,0.0366,0.933,8.35E-05,0.235,0.111,82.019,2015,0.047961,0.033069,0.219,-3.087243,0.219,0.0080154,0.204327,1.83E-05,0.051465,0.024309,17.962161,441.285,0.022801,0.151,-2.128647,0.151,0.0055266,0.140883,1.26E-05,0.035485,0.016761,12.384869,304.265,1,-14.097,1,0.0366,0.933,8.35E-05,0.235,0.111,82.019,2015,198.725409,-14.097,-0.5159502,-13.152501,-0.0011771,-3.312795,-1.564767,-1156.221843,-28405.455,1,0.0366,0.933,8.35E-05,0.235,0.111,82.019,2015,0.00133956,0.0341478,3.06E-06,0.008601,0.0040626,3.0018954,73.749,0.870489,7.79E-05,0.219255,0.103563,76.523727,1879.995,6.97E-09,1.96E-05,9.27E-06,0.006848586,0.1682525,0.055225,0.026085,19.274465,473.525,0.012321,9.104109,223.665,6727.116361,165268.285,4060225,-75853.0471,-2269.99103,1,44
76,1,0.758,0.944,2,-1.541,0,0.0696,0.0949,6.49E-06,0.402,0.696,119.97,2010,0.574564,0.715552,1.516,-1.168078,0,0.0527568,0.0719342,4.92E-06,0.304716,0.527568,90.93726,1523.58,0.891136,1.888,-1.454704,0,0.0657024,0.0895856,6.13E-06,0.379488,0.657024,113.25168,1897.44,4,-3.082,0,0.1392,0.1898,1.30E-05,0.804,1.392,239.94,4020,2.374681,0,-0.1072536,-0.1462409,-1.00E-05,-0.619482,-1.072536,-184.87377,-3097.41,0,0,0,0,0,0,0,0,0.00484416,0.00660504,4.52E-07,0.0279792,0.0484416,8.349912,139.896,0.00900601,6.16E-07,0.0381498,0.0660504,11.385153,190.749,4.21E-11,2.61E-06,4.52E-06,0.000778605,0.0130449,0.161604,0.279792,48.22794,808.02,0.484416,83.49912,1398.96,14392.8009,241139.7,4040100,988.3574949,21115.83344,1,49
77,1,0.333,0.328,0,-9.39,1,0.0346,0.716,4.01E-05,0.3,0.0743,121.109,2017,0.110889,0.109224,0,-3.12687,0.333,0.0115218,0.238428,1.34E-05,0.0999,0.0247419,40.329297,671.661,0.107584,0,-3.07992,0.328,0.0113488,0.234848,1.32E-05,0.0984,0.0243704,39.723752,661.576,0,0,0,0,0,0,0,0,0,0,88.1721,-9.39,-0.324894,-6.72324,-0.000376539,-2.817,-0.697677,-1137.21351,-18939.63,1,0.0346,0.716,4.01E-05,0.3,0.0743,121.109,2017,0.00119716,0.0247736,1.39E-06,0.01038,0.00257078,4.1903714,69.7882,0.512656,2.87E-05,0.2148,0.0531988,86.714044,1444.172,1.61E-09,1.20E-05,2.98E-06,0.004856471,0.0808817,0.09,0.02229,36.3327,605.1,0.00552049,8.9983987,149.8631,14667.38988,244276.853,4068289,3592.27454,-9684.926683,1,1
78,1,0.489,0.54,6,-7.046,1,0.0288,0.126,0,0.103,0.27,81.4,2017,0.239121,0.26406,2.934,-3.445494,0.489,0.0140832,0.061614,0,0.050367,0.13203,39.8046,986.313,0.2916,3.24,-3.80484,0.54,0.015552,0.06804,0,0.05562,0.1458,43.956,1089.18,36,-42.276,6,0.1728,0.756,0,0.618,1.62,488.4,12102,49.646116,-7.046,-0.2029248,-0.887796,0,-0.725738,-1.90242,-573.5444,-14211.782,1,0.0288,0.126,0,0.103,0.27,81.4,2017,0.00082944,0.0036288,0,0.0029664,0.007776,2.34432,58.0896,0.015876,0,0.012978,0.03402,10.2564,254.142,0,0,0,0,0,0.010609,0.02781,8.3842,207.751,0.0729,21.978,544.59,6625.96,164183.8,4068289,-76800.19725,-4883.37516,1,7