,0,1,2,3,4,5,6,7,8,9,10,11,12,13,14,15,16,17,18,19,20,21,22,23,24,25,26,27,28,29,30,31,32,33,34,35,36,37,38,39,40,41,42,43,44,45,46,47,48,49,50,51,52,53,54,55,56,57,58,59,60,61,62,63,64,65,66,67,68,69,70,71,72,73,74,75,76,77,78,79,80,81,82,83,84,85,86,87,88,89,90,principal component 1,principal component 2,Maroon 5,popularity
0,1,0.742,0.713,1,-5.522,0,0.0303,0.0205,0,0.059,0.879,120.032,2014,0.550564,0.529046,0.742,-4.097324,0,0.0224826,0.015211,0,0.043778,0.652218,89.063744,1494.388,0.508369,0.713,-3.937186,0,0.0216039,0.0146165,0,0.042067,0.626727,85.582816,1435.982,1,-5.522,0,0.0303,0.0205,0,0.059,0.879,120.032,2014,30.492484,0,-0.1673166,-0.113201,0,-0.325798,-4.853838,-662.816704,-11121.308,0,0,0,0,0,0,0,0,0.00091809,0.00062115,0,0.0017877,0.0266337,3.6369696,61.0242,0.00042025,0,0.0012095,0.0180195,2.460656,41.287,0,0,0,0,0,0.003481,0.051861,7.081888,118.826,0.772641,105.508128,1770.306,14407.68102,241744.448,4056196,-930.49114,-17325.606,1,2
1,1,0.459,0.741,4,-6.43,0,0.0495,0.000189,0,0.481,0.344,189.879,2014,0.210681,0.340119,1.836,-2.95137,0,0.0227205,8.68E-05,0,0.220779,0.157896,87.154461,924.426,0.549081,2.964,-4.76463,0,0.0366795,0.000140049,0,0.356421,0.254904,140.700339,1492.374,16,-25.72,0,0.198,0.000756,0,1.924,1.376,759.516,8056,41.3449,0,-0.318285,-0.00121527,0,-3.09283,-2.21192,-1220.92197,-12950.02,0,0,0,0,0,0,0,0,0.00245025,9.36E-06,0,0.0238095,0.017028,9.3990105,99.693,3.57E-08,0,9.09E-05,6.50E-05,0.035887131,0.380646,0,0,0,0,0,0.231361,0.165464,91.331799,968.734,0.118336,65.318376,692.816,36054.03464,382416.306,4056196,141390.3811,-16339.48745,1,4
2,1,0.613,0.757,11,-6.574,1,0.0429,0.0841,2.23E-06,0.0926,0.303,103.97,2014,0.375769,0.464041,6.743,-4.029862,0.613,0.0262977,0.0515533,1.37E-06,0.0567638,0.185739,63.73361,1234.582,0.573049,8.327,-4.976518,0.757,0.0324753,0.0636637,1.69E-06,0.0700982,0.229371,78.70529,1524.598,121,-72.314,11,0.4719,0.9251,2.45E-05,1.0186,3.333,1143.67,22154,43.217476,-6.574,-0.2820246,-0.5528734,-1.47E-05,-0.6087524,-1.991922,-683.49878,-13240.036,1,0.0429,0.0841,2.23E-06,0.0926,0.303,103.97,2014,0.00184041,0.00360789,9.57E-08,0.00397254,0.0129987,4.460313,86.4006,0.00707281,1.88E-07,0.00778766,0.0254823,8.743877,169.3774,4.97E-12,2.06E-07,6.76E-07,0.000231853,0.00449122,0.00857476,0.0280578,9.627622,186.4964,0.091809,31.50291,610.242,10809.7609,209395.58,4056196,-33218.2425,-18667.99016,1,2
3,1,0.43,0.602,6,-6.543,1,0.0395,0.00754,0,0.134,0.113,129.93,2014,0.1849,0.25886,2.58,-2.81349,0.43,0.016985,0.0032422,0,0.05762,0.04859,55.8699,866.02,0.362404,3.612,-3.938886,0.602,0.023779,0.00453908,0,0.080668,0.068026,78.21786,1212.428,36,-39.258,6,0.237,0.04524,0,0.804,0.678,779.58,12084,42.810849,-6.543,-0.2584485,-0.04933422,0,-0.876762,-0.739359,-850.13199,-13177.602,1,0.0395,0.00754,0,0.134,0.113,129.93,2014,0.00156025,0.00029783,0,0.005293,0.0044635,5.132235,79.553,5.69E-05,0,0.00101036,0.00085202,0.9796722,15.18556,0,0,0,0,0,0.017956,0.015142,17.41062,269.876,0.012769,14.68209,227.582,16881.8049,261679.02,4056196,19262.37096,-17715.53252,1,0
4,1,0.744,0.783,1,-7.077,1,0.0337,0.0553,0,0.086,0.885,120.042,2014,0.553536,0.582552,0.744,-5.265288,0.744,0.0250728,0.0411432,0,0.063984,0.65844,89.311248,1498.416,0.613089,0.783,-5.541291,0.783,0.0263871,0.0432999,0,0.067338,0.692955,93.992886,1576.962,1,-7.077,1,0.0337,0.0553,0,0.086,0.885,120.042,2014,50.083929,-7.077,-0.2384949,-0.3913581,0,-0.608622,-6.263145,-849.537234,-14253.078,1,0.0337,0.0553,0,0.086,0.885,120.042,2014,0.00113569,0.00186361,0,0.0028982,0.0298245,4.0454154,67.8718,0.00305809,0,0.0047558,0.0489405,6.6383226,111.3742,0,0,0,0,0,0.007396,0.07611,10.323612,173.204,0.783225,106.23717,1782.39,14410.08176,241764.588,4056196,-947.7262827,-17461.54384,1,13
5,1,0.501,0.707,3,-5.619,1,0.0335,0.25,0,0.122,0.238,97.034,2014,0.251001,0.354207,1.503,-2.815119,0.501,0.0167835,0.12525,0,0.061122,0.119238,48.614034,1009.014,0.499849,2.121,-3.972633,0.707,0.0236845,0.17675,0,0.086254,0.168266,68.603038,1423.898,9,-16.857,3,0.1005,0.75,0,0.366,0.714,291.102,6042,31.573161,-5.619,-0.1882365,-1.40475,0,-0.685518,-1.337322,-545.234046,-11316.666,1,0.0335,0.25,0,0.122,0.238,97.034,2014,0.00112225,0.008375,0,0.004087,0.007973,3.250639,67.469,0.0625,0,0.0305,0.0595,24.2585,503.5,0,0,0,0,0,0.014884,0.029036,11.838148,245.708,0.056644,23.094092,479.332,9415.597156,195426.476,4056196,-47458.15823,-17946.61998,1,0
6,1,0.622,0.83,6,-6.155,0,0.0517,0.0324,0,0.0481,0.425,126.031,2014,0.386884,0.51626,3.732,-3.82841,0,0.0321574,0.0201528,0,0.0299182,0.26435,78.391282,1252.708,0.6889,4.98,-5.10865,0,0.042911,0.026892,0,0.039923,0.35275,104.60573,1671.62,36,-36.93,0,0.3102,0.1944,0,0.2886,2.55,756.186,12084,37.884025,0,-0.3182135,-0.199422,0,-0.2960555,-2.615875,-775.720805,-12396.17,0,0,0,0,0,0,0,0,0.00267289,0.00167508,0,0.00248677,0.0219725,6.5158027,104.1238,0.00104976,0,0.00155844,0.01377,4.0834044,65.2536,0,0,0,0,0,0.00231361,0.0204425,6.0620911,96.8734,0.180625,53.563175,855.95,15883.81296,253826.434,4056196,11367.35829,-17750.68788,1,0
7,1,0.63,0.883,5,-5.237,0,0.0778,0.00832,4.22E-05,0.228,0.796,164.975,2014,0.3969,0.55629,3.15,-3.29931,0,0.049014,0.0052416,2.66E-05,0.14364,0.50148,103.93425,1268.82,0.779689,4.415,-4.624271,0,0.0686974,0.00734656,3.73E-05,0.201324,0.702868,145.672925,1778.362,25,-26.185,0,0.389,0.0416,0.000211,1.14,3.98,824.875,10070,27.426169,0,-0.4074386,-0.04357184,-0.000221001,-1.194036,-4.168652,-863.974075,-10547.318,0,0,0,0,0,0,0,0,0.00605284,0.000647296,3.28E-06,0.0177384,0.0619288,12.835055,156.6892,6.92E-05,3.51E-07,0.00189696,0.00662272,1.372592,16.75648,1.78E-09,9.62E-06,3.36E-05,0.006961945,0.0849908,0.051984,0.181488,37.6143,459.192,0.633616,131.3201,1603.144,27216.75062,332259.65,4056196,90579.25085,-16824.21491,1,0
8,1,0.649,0.869,1,-5.653,0,0.032,0.0124,0,0.0797,0.423,114.979,2014,0.421201,0.563981,0.649,-3.668797,0,0.020768,0.0080476,0,0.0517253,0.274527,74.621371,1307.086,0.755161,0.869,-4.912457,0,0.027808,0.0107756,0,0.0692593,0.367587,99.916751,1750.166,1,-5.653,0,0.032,0.0124,0,0.0797,0.423,114.979,2014,31.956409,0,-0.180896,-0.0700972,0,-0.4505441,-2.391219,-649.976287,-11385.142,0,0,0,0,0,0,0,0,0.001024,0.0003968,0,0.0025504,0.013536,3.679328,64.448,0.00015376,0,0.00098828,0.0052452,1.4257396,24.9736,0,0,0,0,0,0.00635209,0.0337131,9.1638263,160.5158,0.178929,48.636117,851.922,13220.17044,231567.706,4056196,-11177.13578,-17432.75048,1,0
9,1,0.689,0.737,10,-5.372,0,0.079,0.00348,0,0.0559,0.749,121.998,2014,0.474721,0.507793,6.89,-3.701308,0,0.054431,0.00239772,0,0.0385151,0.516061,84.056622,1387.646,0.543169,7.37,-3.959164,0,0.058223,0.00256476,0,0.0411983,0.552013,89.912526,1484.318,100,-53.72,0,0.79,0.0348,0,0.559,7.49,1219.98,20140,28.858384,0,-0.424388,-0.01869456,0,-0.3002948,-4.023628,-655.373256,-10819.208,0,0,0,0,0,0,0,0,0.006241,0.00027492,0,0.0044161,0.059171,9.637842,159.106,1.21E-05,0,0.000194532,0.00260652,0.42455304,7.00872,0,0,0,0,0,0.00312481,0.0418691,6.8196882,112.5826,0.561001,91.376502,1508.486,14883.512,245703.972,4056196,3312.642542,-18134.93456,1,0
10,1,0.49,0.315,1,-7.682,1,0.03,0.597,0,0.082,0.316,101.962,2014,0.2401,0.15435,0.49,-3.76418,0.49,0.0147,0.29253,0,0.04018,0.15484,49.96138,986.86,0.099225,0.315,-2.41983,0.315,0.00945,0.188055,0,0.02583,0.09954,32.11803,634.41,1,-7.682,1,0.03,0.597,0,0.082,0.316,101.962,2014,59.013124,-7.682,-0.23046,-4.586154,0,-0.629924,-2.427512,-783.272084,-15471.548,1,0.03,0.597,0,0.082,0.316,101.962,2014,0.0009,0.01791,0,0.00246,0.00948,3.05886,60.42,0.356409,0,0.048954,0.188652,60.871314,1202.358,0,0,0,0,0,0.006724,0.025912,8.360884,165.148,0.099856,32.219992,636.424,10396.24944,205351.468,4056196,-37585.57224,-17854.44403,1,0
11,1,0.594,0.799,8,-5.805,1,0.0346,0.00239,0,0.133,0.416,134.998,2014,0.352836,0.474606,4.752,-3.44817,0.594,0.0205524,0.00141966,0,0.079002,0.247104,80.188812,1196.316,0.638401,6.392,-4.638195,0.799,0.0276454,0.00190961,0,0.106267,0.332384,107.863402,1609.186,64,-46.44,8,0.2768,0.01912,0,1.064,3.328,1079.984,16112,33.698025,-5.805,-0.200853,-0.01387395,0,-0.772065,-2.41488,-783.66339,-11691.27,1,0.0346,0.00239,0,0.133,0.416,134.998,2014,0.00119716,8.27E-05,0,0.0046018,0.0143936,4.6709308,69.6844,5.71E-06,0,0.00031787,0.00099424,0.32264522,4.81346,0,0,0,0,0,0.017689,0.055328,17.954734,267.862,0.173056,56.159168,837.824,18224.46,271885.972,4056196,29626.60636,-17741.82676,1,0
12,1,0.805,0.382,10,-9.697,0,0.0354,0.33,2.05E-05,0.0584,0.615,133.941,2014,0.648025,0.30751,8.05,-7.806085,0,0.028497,0.26565,1.65E-05,0.047012,0.495075,107.822505,1621.27,0.145924,3.82,-3.704254,0,0.0135228,0.12606,7.83E-06,0.0223088,0.23493,51.165462,769.348,100,-96.97,0,0.354,3.3,0.000205,0.584,6.15,1339.41,20140,94.031809,0,-0.3432738,-3.20001,-0.000198789,-0.5663048,-5.963655,-1298.825877,-19529.758,0,0,0,0,0,0,0,0,0.00125316,0.011682,7.26E-07,0.00206736,0.021771,4.7415114,71.2956,0.1089,6.77E-06,0.019272,0.20295,44.20053,664.62,4.20E-10,1.20E-06,1.26E-05,0.002745791,0.041287,0.00341056,0.035916,7.8221544,117.6176,0.378225,82.373715,1238.61,17940.19148,269757.174,4056196,27476.41916,-18300.82813,1,0
13,1,0.495,0.588,0,-4.754,1,0.0266,0.11,0,0.0763,0.439,82.047,2014,0.245025,0.29106,0,-2.35323,0.495,0.013167,0.05445,0,0.0377685,0.217305,40.613265,996.93,0.345744,0,-2.795352,0.588,0.0156408,0.06468,0,0.0448644,0.258132,48.243636,1184.232,0,0,0,0,0,0,0,0,0,0,22.600516,-4.754,-0.1264564,-0.52294,0,-0.3627302,-2.087006,-390.051438,-9574.556,1,0.0266,0.11,0,0.0763,0.439,82.047,2014,0.00070756,0.002926,0,0.00202958,0.0116774,2.1824502,53.5724,0.0121,0,0.008393,0.04829,9.02517,221.54,0,0,0,0,0,0.00582169,0.0334957,6.2601861,153.6682,0.192721,36.018633,884.146,6731.710209,165242.658,4056196,-77801.74887,-17846.58022,1,0
14,1,0.718,0.82,5,-3.453,0,0.0323,0.0444,0,0.0846,0.613,92.998,2012,0.515524,0.58876,3.59,-2.479254,0,0.0231914,0.0318792,0,0.0607428,0.440134,66.772564,1444.616,0.6724,4.1,-2.83146,0,0.026486,0.036408,0,0.069372,0.50266,76.25836,1649.84,25,-17.265,0,0.1615,0.222,0,0.423,3.065,464.99,10060,11.923209,0,-0.1115319,-0.1533132,0,-0.2921238,-2.116689,-321.122094,-6947.436,0,0,0,0,0,0,0,0,0.00104329,0.00143412,0,0.00273258,0.0197999,3.0038354,64.9876,0.00197136,0,0.00375624,0.0272172,4.1291112,89.3328,0,0,0,0,0,0.00715716,0.0518598,7.8676308,170.2152,0.375769,57.007774,1233.356,8648.628004,187111.976,4048144,-55766.20851,-9979.872715,1,68
15,1,0.739,0.756,4,-4.828,1,0.0394,0.0136,0,0.37,0.523,110.028,2012,0.546121,0.558684,2.956,-3.567892,0.739,0.0291166,0.0100504,0,0.27343,0.386497,81.310692,1486.868,0.571536,3.024,-3.649968,0.756,0.0297864,0.0102816,0,0.27972,0.395388,83.181168,1521.072,16,-19.312,4,0.1576,0.0544,0,1.48,2.092,440.112,8048,23.309584,-4.828,-0.1902232,-0.0656608,0,-1.78636,-2.525044,-531.215184,-9713.936,1,0.0394,0.0136,0,0.37,0.523,110.028,2012,0.00155236,0.00053584,0,0.014578,0.0206062,4.3351032,79.2728,0.00018496,0,0.005032,0.0071128,1.4963808,27.3632,0,0,0,0,0,0.1369,0.19351,40.71036,744.44,0.273529,57.544644,1052.276,12106.16078,221376.336,4048144,-21408.63211,-9699.98786,1,56
16,1,0.662,0.67,2,-5.504,1,0.027,0.0022,0,0.203,0.352,119.977,2012,0.438244,0.44354,1.324,-3.643648,0.662,0.017874,0.0014564,0,0.134386,0.233024,79.424774,1331.944,0.4489,1.34,-3.68768,0.67,0.01809,0.001474,0,0.13601,0.23584,80.38459,1348.04,4,-11.008,2,0.054,0.0044,0,0.406,0.704,239.954,4024,30.294016,-5.504,-0.148608,-0.0121088,0,-1.117312,-1.937408,-660.353408,-11074.048,1,0.027,0.0022,0,0.203,0.352,119.977,2012,0.000729,5.94E-05,0,0.005481,0.009504,3.239379,54.324,4.84E-06,0,0.0004466,0.0007744,0.2639494,4.4264,0,0,0,0,0,0.041209,0.071456,24.355331,408.436,0.123904,42.231904,708.224,14394.48053,241393.724,4048144,-1335.989406,-9391.061658,1,54
17,1,0.674,0.74,11,-4.517,0,0.0419,0.000637,0,0.111,0.431,143.998,2012,0.454276,0.49876,7.414,-3.044458,0,0.0282406,0.000429338,0,0.074814,0.290494,97.054652,1356.088,0.5476,8.14,-3.34258,0,0.031006,0.00047138,0,0.08214,0.31894,106.55852,1488.88,121,-49.687,0,0.4609,0.007007,0,1.221,4.741,1583.978,22132,20.403289,0,-0.1892623,-0.002877329,0,-0.501387,-1.946827,-650.438966,-9088.204,0,0,0,0,0,0,0,0,0.00175561,2.67E-05,0,0.0046509,0.0180589,6.0335162,84.3028,4.06E-07,0,7.07E-05,0.000274547,0.091726726,1.281644,0,0,0,0,0,0.012321,0.047841,15.983778,223.332,0.185761,62.063138,867.172,20735.424,289723.976,4048144,47680.89552,-9711.663851,1,48
18,1,0.627,0.848,2,-5.989,1,0.0351,0.000388,0,0.0716,0.848,139.954,2012,0.393129,0.531696,1.254,-3.755103,0.627,0.0220077,0.000243276,0,0.0448932,0.531696,87.751158,1261.524,0.719104,1.696,-5.078672,0.848,0.0297648,0.000329024,0,0.0607168,0.719104,118.680992,1706.176,4,-11.978,2,0.0702,0.000776,0,0.1432,1.696,279.908,4024,35.868121,-5.989,-0.2102139,-0.002323732,0,-0.4288124,-5.078672,-838.184506,-12049.868,1,0.0351,0.000388,0,0.0716,0.848,139.954,2012,0.00123201,1.36E-05,0,0.00251316,0.0297648,4.9123854,70.6212,1.51E-07,0,2.78E-05,0.000329024,0.054302152,0.780656,0,0,0,0,0,0.00512656,0.0607168,10.0207064,144.0592,0.719104,118.680992,1706.176,19587.12212,281587.448,4048144,39177.77845,-9055.452646,1,45
19,1,0.675,0.79,1,-6.295,1,0.0369,0.129,0,0.121,0.423,120.015,2012,0.455625,0.53325,0.675,-4.249125,0.675,0.0249075,0.087075,0,0.081675,0.285525,81.010125,1358.1,0.6241,0.79,-4.97305,0.79,0.029151,0.10191,0,0.09559,0.33417,94.81185,1589.48,1,-6.295,1,0.0369,0.129,0,0.121,0.423,120.015,2012,39.627025,-6.295,-0.2322855,-0.812055,0,-0.761695,-2.662785,-755.494425,-12665.54,1,0.0369,0.129,0,0.121,0.423,120.015,2012,0.00136161,0.0047601,0,0.0044649,0.0156087,4.4285535,74.2428,0.016641,0,0.015609,0.054567,15.481935,259.548,0,0,0,0,0,0.014641,0.051183,14.521815,243.452,0.178929,50.766345,851.076,14403.60023,241470.18,4048144,-1300.833402,-9364.475136,1,59
20,1,0.818,0.607,0,-6.927,1,0.0425,0.00974,0.000194,0.154,0.784,115.054,2012,0.669124,0.496526,0,-5.666286,0.818,0.034765,0.00796732,0.000158692,0.125972,0.641312,94.114172,1645.816,0.368449,0,-4.204689,0.607,0.0257975,0.00591218,0.000117758,0.093478,0.475888,69.837778,1221.284,0,0,0,0,0,0,0,0,0,0,47.983329,-6.927,-0.2943975,-0.06746898,-0.001343838,-1.066758,-5.430768,-796.979058,-13937.124,1,0.0425,0.00974,0.000194,0.154,0.784,115.054,2012,0.00180625,0.00041395,8.25E-06,0.006545,0.03332,4.889795,85.51,9.49E-05,1.89E-06,0.00149996,0.00763616,1.12062596,19.59688,3.76E-08,2.99E-05,0.000152096,0.022320476,0.390328,0.023716,0.120736,17.718316,309.848,0.614656,90.202336,1577.408,13237.42292,231488.648,4048144,-11385.73842,-9413.393251,1,41
21,1,0.668,0.757,4,-6.115,0,0.0411,0.0501,0,0.151,0.41,119.961,2012,0.446224,0.505676,2.672,-4.08482,0,0.0274548,0.0334668,0,0.100868,0.27388,80.133948,1344.016,0.573049,3.028,-4.629055,0,0.0311127,0.0379257,0,0.114307,0.31037,90.810477,1523.084,16,-24.46,0,0.1644,0.2004,0,0.604,1.64,479.844,8048,37.393225,0,-0.2513265,-0.3063615,0,-0.923365,-2.50715,-733.561515,-12303.38,0,0,0,0,0,0,0,0,0.00168921,0.00205911,0,0.0062061,0.016851,4.9303971,82.6932,0.00251001,0,0.0075651,0.020541,6.0100461,100.8012,0,0,0,0,0,0.022801,0.06191,18.114111,303.812,0.1681,49.18401,824.92,14390.64152,241361.532,4048144,-1311.86177,-9635.677689,1,40
22,1,0.781,0.259,7,-9.204,1,0.0323,0.795,0,0.0993,0.331,111.9,2012,0.609961,0.202279,5.467,-7.188324,0.781,0.0252263,0.620895,0,0.0775533,0.258511,87.3939,1571.372,0.067081,1.813,-2.383836,0.259,0.0083657,0.205905,0,0.0257187,0.085729,28.9821,521.108,49,-64.428,7,0.2261,5.565,0,0.6951,2.317,783.3,14084,84.713616,-9.204,-0.2972892,-7.31718,0,-0.9139572,-3.046524,-1029.9276,-18518.448,1,0.0323,0.795,0,0.0993,0.331,111.9,2012,0.00104329,0.0256785,0,0.00320739,0.0106913,3.61437,64.9876,0.632025,0,0.0789435,0.263145,88.9605,1599.54,0,0,0,0,0,0.00986049,0.0328683,11.11167,199.7916,0.109561,37.0389,665.972,12521.61,225142.8,4048144,-17618.62622,-10349.16195,1,52
23,1,0.796,0.836,4,-4.19,0,0.0322,0.0163,2.72E-06,0.106,0.973,120.026,2012,0.633616,0.665456,3.184,-3.33524,0,0.0256312,0.0129748,2.17E-06,0.084376,0.774508,95.540696,1601.552,0.698896,3.344,-3.50284,0,0.0269192,0.0136268,2.27E-06,0.088616,0.813428,100.341736,1682.032,16,-16.76,0,0.1288,0.0652,1.09E-05,0.424,3.892,480.104,8048,17.5561,0,-0.134918,-0.068297,-1.14E-05,-0.44414,-4.07687,-502.90894,-8430.28,0,0,0,0,0,0,0,0,0.00103684,0.00052486,8.76E-08,0.0034132,0.0313306,3.8648372,64.7864,0.00026569,4.43E-08,0.0017278,0.0158599,1.9564238,32.7956,7.40E-12,2.88E-07,2.65E-06,0.000326471,0.00547264,0.011236,0.103138,12.722756,213.272,0.946729,116.785298,1957.676,14406.24068,241492.312,4048144,-1144.046843,-9458.876673,1,40
24,1,0.684,0.864,3,-4.05,0,0.0472,0.000877,0,0.0774,0.894,124.95,2012,0.467856,0.590976,2.052,-2.7702,0,0.0322848,0.000599868,0,0.0529416,0.611496,85.4658,1376.208,0.746496,2.592,-3.4992,0,0.0407808,0.000757728,0,0.0668736,0.772416,107.9568,1738.368,9,-12.15,0,0.1416,0.002631,0,0.2322,2.682,374.85,6036,16.4025,0,-0.19116,-0.00355185,0,-0.31347,-3.6207,-506.0475,-8148.6,0,0,0,0,0,0,0,0,0.00222784,4.14E-05,0,0.00365328,0.0421968,5.89764,94.9664,7.69E-07,0,6.79E-05,0.000784038,0.10958115,1.764524,0,0,0,0,0,0.00599076,0.0691956,9.67113,155.7288,0.799236,111.7053,1798.728,15612.5025,251399.4,4048144,8808.188365,-9260.798086,1,41
25,1,0.662,0.578,3,-2.637,1,0.0343,0.002,2.45E-06,0.104,0.404,168.04,2012,0.438244,0.382636,1.986,-1.745694,0.662,0.0227066,0.001324,1.62E-06,0.068848,0.267448,111.24248,1331.944,0.334084,1.734,-1.524186,0.578,0.0198254,0.001156,1.42E-06,0.060112,0.233512,97.12712,1162.936,9,-7.911,3,0.1029,0.006,7.35E-06,0.312,1.212,504.12,6036,6.953769,-2.637,-0.0904491,-0.005274,-6.46E-06,-0.274248,-1.065348,-443.12148,-5305.644,1,0.0343,0.002,2.45E-06,0.104,0.404,168.04,2012,0.00117649,6.86E-05,8.40E-08,0.0035672,0.0138572,5.763772,69.0116,4.00E-06,4.90E-09,0.000208,0.000808,0.33608,4.024,6.00E-12,2.55E-07,9.90E-07,0.000411698,0.0049294,0.010816,0.042016,17.47616,209.248,0.163216,67.88816,812.848,28237.4416,338096.48,4048144,96399.81946,-8317.615948,1,56
26,1,0.608,0.909,4,-3.638,0,0.0349,0.0516,0,0.111,0.617,137.04,2012,0.369664,0.552672,2.432,-2.211904,0,0.0212192,0.0313728,0,0.067488,0.375136,83.32032,1223.296,0.826281,3.636,-3.306942,0,0.0317241,0.0469044,0,0.100899,0.560853,124.56936,1828.908,16,-14.552,0,0.1396,0.2064,0,0.444,2.468,548.16,8048,13.235044,0,-0.1269662,-0.1877208,0,-0.403818,-2.244646,-498.55152,-7319.656,0,0,0,0,0,0,0,0,0.00121801,0.00180084,0,0.0038739,0.0215333,4.782696,70.2188,0.00266256,0,0.0057276,0.0318372,7.071264,103.8192,0,0,0,0,0,0.012321,0.068487,15.21144,223.332,0.380689,84.55368,1241.404,18779.9616,275724.48,4048144,33368.18925,-9095.752116,1,44
27,1,0.724,0.85,2,-4.221,1,0.238,0.0532,0,0.258,0.788,158.666,2012,0.524176,0.6154,1.448,-3.056004,0.724,0.172312,0.0385168,0,0.186792,0.570512,114.874184,1456.688,0.7225,1.7,-3.58785,0.85,0.2023,0.04522,0,0.2193,0.6698,134.8661,1710.2,4,-8.442,2,0.476,0.1064,0,0.516,1.576,317.332,4024,17.816841,-4.221,-1.004598,-0.2245572,0,-1.089018,-3.326148,-669.729186,-8492.652,1,0.238,0.0532,0,0.258,0.788,158.666,2012,0.056644,0.0126616,0,0.061404,0.187544,37.762508,478.856,0.00283024,0,0.0137256,0.0419216,8.4410312,107.0384,0,0,0,0,0,0.066564,0.203304,40.935828,519.096,0.620944,125.028808,1585.456,25174.89956,319235.992,4048144,77254.58596,-8538.806133,1,37
28,1,0.687,0.273,5,-9.259,1,0.0302,0.919,0,0.0978,0.539,110.45,2012,0.471969,0.187551,3.435,-6.360933,0.687,0.0207474,0.631353,0,0.0671886,0.370293,75.87915,1382.244,0.074529,1.365,-2.527707,0.273,0.0082446,0.250887,0,0.0266994,0.147147,30.15285,549.276,25,-46.295,5,0.151,4.595,0,0.489,2.695,552.25,10060,85.729081,-9.259,-0.2796218,-8.509021,0,-0.9055302,-4.990601,-1022.65655,-18629.108,1,0.0302,0.919,0,0.0978,0.539,110.45,2012,0.00091204,0.0277538,0,0.00295356,0.0162778,3.33559,60.7624,0.844561,0,0.0898782,0.495341,101.50355,1849.028,0,0,0,0,0,0.00956484,0.0527142,10.80201,196.7736,0.290521,59.53255,1084.468,12199.2025,222225.4,4048144,-20609.603,-10188.07101,1,40
29,1,0.704,0.81,4,-4.874,0,0.0425,0.000315,0,0.216,0.726,102.98,2010,0.495616,0.57024,2.816,-3.431296,0,0.02992,0.00022176,0,0.152064,0.511104,72.49792,1415.04,0.6561,3.24,-3.94794,0,0.034425,0.00025515,0,0.17496,0.58806,83.4138,1628.1,16,-19.496,0,0.17,0.00126,0,0.864,2.904,411.92,8040,23.755876,0,-0.207145,-0.00153531,0,-1.052784,-3.538524,-501.92452,-9796.74,0,0,0,0,0,0,0,0,0.00180625,1.34E-05,0,0.00918,0.030855,4.37665,85.425,9.92E-08,0,6.80E-05,0.00022869,0.0324387,0.63315,0,0,0,0,0,0.046656,0.156816,22.24368,434.16,0.527076,74.76348,1459.26,10604.8804,206989.8,4040100,-35928.44307,-1804.984798,1,61
30,1,0.753,0.824,0,-4.301,1,0.0385,0.000937,0.00018,0.141,0.937,117.95,2010,0.567009,0.620472,0,-3.238653,0.753,0.0289905,0.000705561,0.00013554,0.106173,0.705561,88.81635,1513.53,0.678976,0,-3.544024,0.824,0.031724,0.000772088,0.00014832,0.116184,0.772088,97.1908,1656.24,0,0,0,0,0,0,0,0,0,0,18.498601,-4.301,-0.1655885,-0.004030037,-0.00077418,-0.606441,-4.030037,-507.30295,-8645.01,1,0.0385,0.000937,0.00018,0.141,0.937,117.95,2010,0.00148225,3.61E-05,6.93E-06,0.0054285,0.0360745,4.541075,77.385,8.78E-07,1.69E-07,0.000132117,0.000877969,0.11051915,1.88337,3.24E-08,2.54E-05,0.00016866,0.021231,0.3618,0.019881,0.132117,16.63095,283.41,0.877969,110.51915,1883.37,13912.2025,237079.5,4040100,-5780.196456,-1100.682502,1,50
31,1,0.711,0.882,1,-2.772,0,0.0333,0.0171,0,0.111,0.813,119.991,2010,0.505521,0.627102,0.711,-1.970892,0,0.0236763,0.0121581,0,0.078921,0.578043,85.313601,1429.11,0.777924,0.882,-2.444904,0,0.0293706,0.0150822,0,0.097902,0.717066,105.832062,1772.82,1,-2.772,0,0.0333,0.0171,0,0.111,0.813,119.991,2010,7.683984,0,-0.0923076,-0.0474012,0,-0.307692,-2.253636,-332.615052,-5571.72,0,0,0,0,0,0,0,0,0.00110889,0.00056943,0,0.0036963,0.0270729,3.9957003,66.933,0.00029241,0,0.0018981,0.0139023,2.0518461,34.371,0,0,0,0,0,0.012321,0.090243,13.319001,223.11,0.660969,97.552683,1634.13,14397.84008,241181.91,4040100,-1585.145941,-1025.088428,1,41
32,1,0.656,0.848,9,-3.125,0,0.0258,0.0149,0,0.135,0.859,129.995,2010,0.430336,0.556288,5.904,-2.05,0,0.0169248,0.0097744,0,0.08856,0.563504,85.27672,1318.56,0.719104,7.632,-2.65,0,0.0218784,0.0126352,0,0.11448,0.728432,110.23576,1704.48,81,-28.125,0,0.2322,0.1341,0,1.215,7.731,1169.955,18090,9.765625,0,-0.080625,-0.0465625,0,-0.421875,-2.684375,-406.234375,-6281.25,0,0,0,0,0,0,0,0,0.00066564,0.00038442,0,0.003483,0.0221622,3.353871,51.858,0.00022201,0,0.0020115,0.0127991,1.9369255,29.949,0,0,0,0,0,0.018225,0.115965,17.549325,271.35,0.737881,111.665705,1726.59,16898.70003,261289.95,4040100,18892.9374,-1631.717125,1,33
33,1,0.609,0.81,11,-4.207,1,0.0296,0.11,0,0.246,0.47,117.364,2010,0.370881,0.49329,6.699,-2.562063,0.609,0.0180264,0.06699,0,0.149814,0.28623,71.474676,1224.09,0.6561,8.91,-3.40767,0.81,0.023976,0.0891,0,0.19926,0.3807,95.06484,1628.1,121,-46.277,11,0.3256,1.21,0,2.706,5.17,1291.004,22110,17.698849,-4.207,-0.1245272,-0.46277,0,-1.034922,-1.97729,-493.750348,-8456.07,1,0.0296,0.11,0,0.246,0.47,117.364,2010,0.00087616,0.003256,0,0.0072816,0.013912,3.4739744,59.496,0.0121,0,0.02706,0.0517,12.91004,221.1,0,0,0,0,0,0.060516,0.11562,28.871544,494.46,0.2209,55.16108,944.7,13774.3085,235901.64,4040100,-6656.843896,-2153.661603,1,57
34,1,0.625,0.872,2,-4.89,1,0.0327,0.0257,0,0.168,0.961,90.979,2010,0.390625,0.545,1.25,-3.05625,0.625,0.0204375,0.0160625,0,0.105,0.600625,56.861875,1256.25,0.760384,1.744,-4.26408,0.872,0.0285144,0.0224104,0,0.146496,0.837992,79.333688,1752.72,4,-9.78,2,0.0654,0.0514,0,0.336,1.922,181.958,4020,23.9121,-4.89,-0.159903,-0.125673,0,-0.82152,-4.69929,-444.88731,-9828.9,1,0.0327,0.0257,0,0.168,0.961,90.979,2010,0.00106929,0.00084039,0,0.0054936,0.0314247,2.9750133,65.727,0.00066049,0,0.0043176,0.0246977,2.3381603,51.657,0,0,0,0,0,0.028224,0.161448,15.284472,337.68,0.923521,87.430819,1931.61,8277.178441,182867.79,4040100,-60212.62455,-1826.113104,1,39
35,1,0.651,0.791,5,-4.703,0,0.0398,0.00904,0,0.104,0.725,86.453,2010,0.423801,0.514941,3.255,-3.061653,0,0.0259098,0.00588504,0,0.067704,0.471975,56.280903,1308.51,0.625681,3.955,-3.720073,0,0.0314818,0.00715064,0,0.082264,0.573475,68.384323,1589.91,25,-23.515,0,0.199,0.0452,0,0.52,3.625,432.265,10050,22.118209,0,-0.1871794,-0.04251512,0,-0.489112,-3.409675,-406.588459,-9453.03,0,0,0,0,0,0,0,0,0.00158404,0.000359792,0,0.0041392,0.028855,3.4408294,79.998,8.17E-05,0,0.00094016,0.006554,0.78153512,18.1704,0,0,0,0,0,0.010816,0.0754,8.991112,209.04,0.525625,62.678425,1457.25,7474.121209,173770.53,4040100,-69240.05903,-2178.041632,1,36
36,1,0.534,0.693,4,-4.548,1,0.0263,0.121,0,0.335,0.385,92.98,2010,0.285156,0.370062,2.136,-2.428632,0.534,0.0140442,0.064614,0,0.17889,0.20559,49.65132,1073.34,0.480249,2.772,-3.151764,0.693,0.0182259,0.083853,0,0.232155,0.266805,64.43514,1392.93,16,-18.192,4,0.1052,0.484,0,1.34,1.54,371.92,8040,20.684304,-4.548,-0.1196124,-0.550308,0,-1.52358,-1.75098,-422.87304,-9141.48,1,0.0263,0.121,0,0.335,0.385,92.98,2010,0.00069169,0.0031823,0,0.0088105,0.0101255,2.445374,52.863,0.014641,0,0.040535,0.046585,11.25058,243.21,0,0,0,0,0,0.112225,0.128975,31.1483,673.35,0.148225,35.7973,773.85,8645.2804,186889.8,4040100,-56117.87006,-1956.876325,1,37
37,1,0.756,0.925,11,-3.841,1,0.0273,0.000277,0,0.137,0.908,111.96,2010,0.571536,0.6993,8.316,-2.903796,0.756,0.0206388,0.000209412,0,0.103572,0.686448,84.64176,1519.56,0.855625,10.175,-3.552925,0.925,0.0252525,0.000256225,0,0.126725,0.8399,103.563,1859.25,121,-42.251,11,0.3003,0.003047,0,1.507,9.988,1231.56,22110,14.753281,-3.841,-0.1048593,-0.001063957,0,-0.526217,-3.487628,-430.03836,-7720.41,1,0.0273,0.000277,0,0.137,0.908,111.96,2010,0.00074529,7.56E-06,0,0.0037401,0.0247884,3.056508,54.873,7.67E-08,0,3.79E-05,0.000251516,0.03101292,0.55677,0,0,0,0,0,0.018769,0.124396,15.33852,275.37,0.824464,101.65968,1825.08,12535.0416,225039.6,4040100,-17577.79061,-2215.276182,1,35
38,1,0.603,0.618,3,-5.098,1,0.0284,0.147,0,0.105,0.295,149.955,2010,0.363609,0.372654,1.809,-3.074094,0.603,0.0171252,0.088641,0,0.063315,0.177885,90.422865,1212.03,0.381924,1.854,-3.150564,0.618,0.0175512,0.090846,0,0.06489,0.18231,92.67219,1242.18,9,-15.294,3,0.0852,0.441,0,0.315,0.885,449.865,6030,25.989604,-5.098,-0.1447832,-0.749406,0,-0.53529,-1.50391,-764.47059,-10246.98,1,0.0284,0.147,0,0.105,0.295,149.955,2010,0.00080656,0.0041748,0,0.002982,0.008378,4.258722,57.084,0.021609,0,0.015435,0.043365,22.043385,295.47,0,0,0,0,0,0.011025,0.030975,15.745275,211.05,0.087025,44.236725,592.95,22486.50203,301409.55,4040100,59171.77667,-864.2167049,1,53
39,1,0.662,0.84,11,-3.696,0,0.03,0.00903,0,0.147,0.591,99.988,2010,0.438244,0.55608,7.282,-2.446752,0,0.01986,0.00597786,0,0.097314,0.391242,66.192056,1330.62,0.7056,9.24,-3.10464,0,0.0252,0.0075852,0,0.12348,0.49644,83.98992,1688.4,121,-40.656,0,0.33,0.09933,0,1.617,6.501,1099.868,22110,13.660416,0,-0.11088,-0.03337488,0,-0.543312,-2.184336,-369.555648,-7428.96,0,0,0,0,0,0,0,0,0.0009,0.0002709,0,0.00441,0.01773,2.99964,60.3,8.15E-05,0,0.00132741,0.00533673,0.90289164,18.1503,0,0,0,0,0,0.021609,0.086877,14.698236,295.47,0.349281,59.092908,1187.91,9997.600144,200975.88,4040100,-41753.31664,-2421.778797,1,36
40,1,0.656,0.526,0,-8.46,1,0.0245,0.137,9.84E-05,0.108,0.37,103.919,2010,0.430336,0.345056,0,-5.54976,0.656,0.016072,0.089872,6.46E-05,0.070848,0.24272,68.170864,1318.56,0.276676,0,-4.44996,0.526,0.012887,0.072062,5.18E-05,0.056808,0.19462,54.661394,1057.26,0,0,0,0,0,0,0,0,0,0,71.5716,-8.46,-0.20727,-1.15902,-0.000832464,-0.91368,-3.1302,-879.15474,-17004.6,1,0.0245,0.137,9.84E-05,0.108,0.37,103.919,2010,0.00060025,0.0033565,2.41E-06,0.002646,0.009065,2.5460155,49.245,0.018769,1.35E-05,0.014796,0.05069,14.236903,275.37,9.68E-09,1.06E-05,3.64E-05,0.01022563,0.197784,0.011664,0.03996,11.223252,217.08,0.1369,38.45003,743.7,10799.15856,208877.19,4040100,-34220.86541,-1730.380587,1,36
41,1,0.722,0.76,9,-4.459,1,0.0478,0.0118,0,0.294,0.627,128.018,2010,0.521284,0.54872,6.498,-3.219398,0.722,0.0345116,0.0085196,0,0.212268,0.452694,92.428996,1451.22,0.5776,6.84,-3.38884,0.76,0.036328,0.008968,0,0.22344,0.47652,97.29368,1527.6,81,-40.131,9,0.4302,0.1062,0,2.646,5.643,1152.162,18090,19.882681,-4.459,-0.2131402,-0.0526162,0,-1.310946,-2.795793,-570.832262,-8962.59,1,0.0478,0.0118,0,0.294,0.627,128.018,2010,0.00228484,0.00056404,0,0.0140532,0.0299706,6.1192604,96.078,0.00013924,0,0.0034692,0.0073986,1.5106124,23.718,0,0,0,0,0,0.086436,0.184338,37.637292,590.94,0.393129,80.267286,1260.27,16388.60832,257316.18,4040100,14852.71249,-1787.420603,1,47
42,1,0.789,0.773,6,-5.149,0,0.032,0.0471,0,0.195,0.955,129.043,2010,0.622521,0.609897,4.734,-4.062561,0,0.025248,0.0371619,0,0.153855,0.753495,101.814927,1585.89,0.597529,4.638,-3.980177,0,0.024736,0.0364083,0,0.150735,0.738215,99.750239,1553.73,36,-30.894,0,0.192,0.2826,0,1.17,5.73,774.258,12060,26.512201,0,-0.164768,-0.2425179,0,-1.004055,-4.917295,-664.442407,-10349.49,0,0,0,0,0,0,0,0,0.001024,0.0015072,0,0.00624,0.03056,4.129376,64.32,0.00221841,0,0.0091845,0.0449805,6.0779253,94.671,0,0,0,0,0,0.038025,0.186225,25.163385,391.95,0.912025,123.236065,1919.55,16652.09585,259376.43,4040100,16844.42247,-1542.064275,1,33
43,1,0.519,0.804,10,-4.976,0,0.0268,0.00117,0,0.106,0.348,168.059,2010,0.269361,0.417276,5.19,-2.582544,0,0.0139092,0.00060723,0,0.055014,0.180612,87.222621,1043.19,0.646416,8.04,-4.000704,0,0.0215472,0.00094068,0,0.085224,0.279792,135.119436,1616.04,100,-49.76,0,0.268,0.0117,0,1.06,3.48,1680.59,20100,24.760576,0,-0.1333568,-0.00582192,0,-0.527456,-1.731648,-836.261584,-10001.76,0,0,0,0,0,0,0,0,0.00071824,3.14E-05,0,0.0028408,0.0093264,4.5039812,53.868,1.37E-06,0,0.00012402,0.00040716,0.19662903,2.3517,0,0,0,0,0,0.011236,0.036888,17.814254,213.06,0.121104,58.484532,699.48,28243.82748,337798.59,4040100,96201.59596,-1165.850014,1,32
44,1,0.502,0.412,3,-8.262,1,0.027,0.596,0,0.0969,0.221,114.344,2010,0.252004,0.206824,1.506,-4.147524,0.502,0.013554,0.299192,0,0.0486438,0.110942,57.400688,1009.02,0.169744,1.236,-3.403944,0.412,0.011124,0.245552,0,0.0399228,0.091052,47.109728,828.12,9,-24.786,3,0.081,1.788,0,0.2907,0.663,343.032,6030,68.260644,-8.262,-0.223074,-4.924152,0,-0.8005878,-1.825902,-944.710128,-16606.62,1,0.027,0.596,0,0.0969,0.221,114.344,2010,0.000729,0.016092,0,0.0026163,0.005967,3.087288,54.27,0.355216,0,0.0577524,0.131716,68.149024,1197.96,0,0,0,0,0,0.00938961,0.0214149,11.0799336,194.769,0.048841,25.270024,444.21,13074.55034,229831.44,4040100,-13065.89601,-1813.881035,1,51
45,1,0.745,0.867,1,-2.446,1,0.0374,0.017,0,0.281,0.936,106.006,2007,0.555025,0.645915,0.745,-1.82227,0.745,0.027863,0.012665,0,0.209345,0.69732,78.97447,1495.215,0.751689,0.867,-2.120682,0.867,0.0324258,0.014739,0,0.243627,0.811512,91.907202,1740.069,1,-2.446,1,0.0374,0.017,0,0.281,0.936,106.006,2007,5.982916,-2.446,-0.0914804,-0.041582,0,-0.687326,-2.289456,-259.290676,-4909.122,1,0.0374,0.017,0,0.281,0.936,106.006,2007,0.00139876,0.0006358,0,0.0105094,0.0350064,3.9646244,75.0618,0.000289,0,0.004777,0.015912,1.802102,34.119,0,0,0,0,0,0.078961,0.263016,29.787686,563.967,0.876096,99.221616,1878.552,11237.27204,212754.042,4028049,-30290.75429,10774.225,1,52
46,1,0.803,0.851,7,-2.429,1,0.0357,0.00485,0.000358,0.0577,0.881,113.996,2007,0.644809,0.683353,5.621,-1.950487,0.803,0.0286671,0.00389455,0.000287474,0.0463331,0.707443,91.538788,1611.621,0.724201,5.957,-2.067079,0.851,0.0303807,0.00412735,0.000304658,0.0491027,0.749731,97.010596,1707.957,49,-17.003,7,0.2499,0.03395,0.002506,0.4039,6.167,797.972,14049,5.900041,-2.429,-0.0867153,-0.01178065,-0.000869582,-0.1401533,-2.139949,-276.896284,-4875.003,1,0.0357,0.00485,0.000358,0.0577,0.881,113.996,2007,0.00127449,0.000173145,1.28E-05,0.00205989,0.0314517,4.0696572,71.6499,2.35E-05,1.74E-06,0.000279845,0.00427285,0.5528806,9.73395,1.28E-07,2.07E-05,0.000315398,0.040810568,0.718506,0.00332929,0.0508337,6.5775692,115.8039,0.776161,100.430476,1768.167,12995.08802,228789.972,4028049,-13996.59101,10347.94452,1,59
47,1,0.686,0.963,6,-2.532,0,0.0801,0.0658,0,0.104,0.965,143.931,2007,0.470596,0.660618,4.116,-1.736952,0,0.0549486,0.0451388,0,0.071344,0.66199,98.736666,1376.802,0.927369,5.778,-2.438316,0,0.0771363,0.0633654,0,0.100152,0.929295,138.605553,1932.741,36,-15.192,0,0.4806,0.3948,0,0.624,5.79,863.586,12042,6.411024,0,-0.2028132,-0.1666056,0,-0.263328,-2.44338,-364.433292,-5081.724,0,0,0,0,0,0,0,0,0.00641601,0.00527058,0,0.0083304,0.0772965,11.5288731,160.7607,0.00432964,0,0.0068432,0.063497,9.4706598,132.0606,0,0,0,0,0,0.010816,0.10036,14.968824,208.728,0.931225,138.893415,1936.755,20716.13276,288869.517,4028049,46547.03153,10992.3809,1,39
48,1,0.632,0.949,4,-2.671,0,0.0593,0.0302,0,0.0871,0.969,164.118,2007,0.399424,0.599768,2.528,-1.688072,0,0.0374776,0.0190864,0,0.0550472,0.612408,103.722576,1268.424,0.900601,3.796,-2.534779,0,0.0562757,0.0286598,0,0.0826579,0.919581,155.747982,1904.643,16,-10.684,0,0.2372,0.1208,0,0.3484,3.876,656.472,8028,7.134241,0,-0.1583903,-0.0806642,0,-0.2326441,-2.588199,-438.359178,-5360.697,0,0,0,0,0,0,0,0,0.00351649,0.00179086,0,0.00516503,0.0574617,9.7321974,119.0151,0.00091204,0,0.00263042,0.0292638,4.9563636,60.6114,0,0,0,0,0,0.00758641,0.0843999,14.2946778,174.8097,0.938961,159.030342,1944.783,26934.71792,329384.826,4028049,87456.84489,11560.06808,1,56
49,1,0.737,0.615,3,-3.76,1,0.0317,0.0149,0,0.102,0.41,110.023,2007,0.543169,0.453255,2.211,-2.77112,0.737,0.0233629,0.0109813,0,0.075174,0.30217,81.086951,1479.159,0.378225,1.845,-2.3124,0.615,0.0194955,0.0091635,0,0.06273,0.25215,67.664145,1234.305,9,-11.28,3,0.0951,0.0447,0,0.306,1.23,330.069,6021,14.1376,-3.76,-0.119192,-0.056024,0,-0.38352,-1.5416,-413.68648,-7546.32,1,0.0317,0.0149,0,0.102,0.41,110.023,2007,0.00100489,0.00047233,0,0.0032334,0.012997,3.4877291,63.6219,0.00022201,0,0.0015198,0.006109,1.6393427,29.9043,0,0,0,0,0,0.010404,0.04182,11.222346,204.714,0.1681,45.10943,822.87,12105.06053,220816.161,4028049,-22155.57971,10532.55353,1,62
50,1,0.595,0.764,4,-4.631,0,0.0304,0.345,0,0.0855,0.558,95.959,2007,0.354025,0.45458,2.38,-2.755445,0,0.018088,0.205275,0,0.0508725,0.33201,57.095605,1194.165,0.583696,3.056,-3.538084,0,0.0232256,0.26358,0,0.065322,0.426312,73.312676,1533.348,16,-18.524,0,0.1216,1.38,0,0.342,2.232,383.836,8028,21.446161,0,-0.1407824,-1.597695,0,-0.3959505,-2.584098,-444.386129,-9294.417,0,0,0,0,0,0,0,0,0.00092416,0.010488,0,0.0025992,0.0169632,2.9171536,61.0128,0.119025,0,0.0294975,0.19251,33.105855,692.415,0,0,0,0,0,0.00731025,0.047709,8.2044945,171.5985,0.311364,53.545122,1119.906,9208.129681,192589.713,4028049,-50492.89433,10110.21778,1,43
51,1,0.61,0.931,4,-1.872,0,0.0633,0.0167,0,0.0585,0.971,154.874,2007,0.3721,0.56791,2.44,-1.14192,0,0.038613,0.010187,0,0.035685,0.59231,94.47314,1224.27,0.866761,3.724,-1.742832,0,0.0589323,0.0155477,0,0.0544635,0.904001,144.187694,1868.517,16,-7.488,0,0.2532,0.0668,0,0.234,3.884,619.496,8028,3.504384,0,-0.1184976,-0.0312624,0,-0.109512,-1.817712,-289.924128,-3757.104,0,0,0,0,0,0,0,0,0.00400689,0.00105711,0,0.00370305,0.0614643,9.8035242,127.0431,0.00027889,0,0.00097695,0.0162157,2.5863958,33.5169,0,0,0,0,0,0.00342225,0.0568035,9.060129,117.4095,0.942841,150.382654,1948.797,23985.95588,310832.118,4028049,68697.56212,11450.36784,1,43
52,1,0.587,0.701,2,-3.77,1,0.0258,0.0358,0,0.183,0.273,94.981,2007,0.344569,0.411487,1.174,-2.21299,0.587,0.0151446,0.0210146,0,0.107421,0.160251,55.753847,1178.109,0.491401,1.402,-2.64277,0.701,0.0180858,0.0250958,0,0.128283,0.191373,66.581681,1406.907,4,-7.54,2,0.0516,0.0716,0,0.366,0.546,189.962,4014,14.2129,-3.77,-0.097266,-0.134966,0,-0.68991,-1.02921,-358.07837,-7566.39,1,0.0258,0.0358,0,0.183,0.273,94.981,2007,0.00066564,0.00092364,0,0.0047214,0.0070434,2.4505098,51.7806,0.00128164,0,0.0065514,0.0097734,3.4003198,71.8506,0,0,0,0,0,0.033489,0.049959,17.381523,367.281,0.074529,25.929813,547.911,9021.390361,190626.867,4028049,-52514.92227,10357.88422,1,49
53,1,0.758,0.714,7,-5.027,1,0.0382,0.00788,1.34E-06,0.0636,0.403,119.971,2007,0.574564,0.541212,5.306,-3.810466,0.758,0.0289556,0.00597304,1.02E-06,0.0482088,0.305474,90.938018,1521.306,0.509796,4.998,-3.589278,0.714,0.0272748,0.00562632,9.57E-07,0.0454104,0.287742,85.659294,1432.998,49,-35.189,7,0.2674,0.05516,9.38E-06,0.4452,2.821,839.797,14049,25.270729,-5.027,-0.1920314,-0.03961276,-6.74E-06,-0.3197172,-2.025881,-603.094217,-10089.189,1,0.0382,0.00788,1.34E-06,0.0636,0.403,119.971,2007,0.00145924,0.000301016,5.12E-08,0.00242952,0.0153946,4.5828922,76.6674,6.21E-05,1.06E-08,0.000501168,0.00317564,0.94537148,15.81516,1.80E-12,8.52E-08,5.40E-07,0.000160761,0.00268938,0.00404496,0.0256308,7.6301556,127.6452,0.162409,48.348313,808.821,14393.04084,240781.797,4028049,-1974.184414,10222.69343,1,39
54,1,0.74,0.874,4,-4.47,0,0.0992,0.0384,0.00634,0.901,0.709,141.984,2007,0.5476,0.64676,2.96,-3.3078,0,0.073408,0.028416,0.0046916,0.66674,0.52466,105.06816,1485.18,0.763876,3.496,-3.90678,0,0.0867008,0.0335616,0.00554116,0.787474,0.619666,124.094016,1754.118,16,-17.88,0,0.3968,0.1536,0.02536,3.604,2.836,567.936,8028,19.9809,0,-0.443424,-0.171648,-0.0283398,-4.02747,-3.16923,-634.66848,-8971.29,0,0,0,0,0,0,0,0,0.00984064,0.00380928,0.000628928,0.0893792,0.0703328,14.0848128,199.0944,0.00147456,0.000243456,0.0345984,0.0272256,5.4521856,77.0688,4.02E-05,0.00571234,0.00449506,0.90017856,12.72438,0.811801,0.638809,127.927584,1808.307,0.502681,100.666656,1422.963,20159.45626,284961.888,4028049,42512.2126,10977.77205,1,36
55,1,0.52,0.613,0,-3.238,1,0.0268,0.314,0,0.13,0.383,79.914,2007,0.2704,0.31876,0,-1.68376,0.52,0.013936,0.16328,0,0.0676,0.19916,41.55528,1043.64,0.375769,0,-1.984894,0.613,0.0164284,0.192482,0,0.07969,0.234779,48.987282,1230.291,0,0,0,0,0,0,0,0,0,0,10.484644,-3.238,-0.0867784,-1.016732,0,-0.42094,-1.240154,-258.761532,-6498.666,1,0.0268,0.314,0,0.13,0.383,79.914,2007,0.00071824,0.0084152,0,0.003484,0.0102644,2.1416952,53.7876,0.098596,0,0.04082,0.120262,25.092996,630.198,0,0,0,0,0,0.0169,0.04979,10.38882,260.91,0.146689,30.607062,768.681,6386.247396,160387.398,4028049,-82886.62307,10330.30646,1,40
56,1,0.647,0.624,3,-3.415,1,0.0263,0.0196,0,0.224,0.315,111.994,2007,0.418609,0.403728,1.941,-2.209505,0.647,0.0170161,0.0126812,0,0.144928,0.203805,72.460118,1298.529,0.389376,1.872,-2.13096,0.624,0.0164112,0.0122304,0,0.139776,0.19656,69.884256,1252.368,9,-10.245,3,0.0789,0.0588,0,0.672,0.945,335.982,6021,11.662225,-3.415,-0.0898145,-0.066934,0,-0.76496,-1.075725,-382.45951,-6853.905,1,0.0263,0.0196,0,0.224,0.315,111.994,2007,0.00069169,0.00051548,0,0.0058912,0.0082845,2.9454422,52.7841,0.00038416,0,0.0043904,0.006174,2.1950824,39.3372,0,0,0,0,0,0.050176,0.07056,25.086656,449.568,0.099225,35.27811,632.205,12542.65604,224771.958,4028049,-18170.98515,10598.8587,1,38