,0,1,2,3,4,5,6,7,8,9,10,11,12,13,14,15,16,17,18,19,20,21,22,23,24,25,26,27,28,29,30,31,32,33,34,35,36,37,38,39,40,41,42,43,44,45,46,47,48,49,50,51,52,53,54,55,56,57,58,59,60,61,62,63,64,65,66,67,68,69,70,71,72,73,74,75,76,77,78,79,80,81,82,83,84,85,86,87,88,89,90,principal component 1,principal component 2,Taylor Swift,popularity
0,1,0.588,0.825,4,-5.882,1,0.0328,0.000197,0.00138,0.0885,0.397,129.968,2012,0.345744,0.4851,2.352,-3.458616,0.588,0.0192864,0.000115836,0.00081144,0.052038,0.233436,76.421184,1183.056,0.680625,3.3,-4.85265,0.825,0.02706,0.000162525,0.0011385,0.0730125,0.327525,107.2236,1659.9,16,-23.528,4,0.1312,0.000788,0.00552,0.354,1.588,519.872,8048,34.597924,-5.882,-0.1929296,-0.001158754,-0.00811716,-0.520557,-2.335154,-764.471776,-11834.584,1,0.0328,0.000197,0.00138,0.0885,0.397,129.968,2012,0.00107584,6.46E-06,4.53E-05,0.0029028,0.0130216,4.2629504,65.9936,3.88E-08,2.72E-07,1.74E-05,7.82E-05,0.025603696,0.396364,1.90E-06,0.00012213,0.00054786,0.17935584,2.77656,0.00783225,0.0351345,11.502168,178.062,0.157609,51.597296,798.764,16891.68102,261495.616,4048144,11942.88443,-663.816789,1,42
1,1,0.602,0.896,1,-4.267,0,0.0437,0.0773,8.87E-05,0.091,0.641,124.978,2012,0.362404,0.539392,0.602,-2.568734,0,0.0263074,0.0465346,5.34E-05,0.054782,0.385882,75.236756,1211.224,0.802816,0.896,-3.823232,0,0.0391552,0.0692608,7.95E-05,0.081536,0.574336,111.980288,1802.752,1,-4.267,0,0.0437,0.0773,8.87E-05,0.091,0.641,124.978,2012,18.207289,0,-0.1864679,-0.3298391,-0.000378483,-0.388297,-2.735147,-533.281126,-8585.204,0,0,0,0,0,0,0,0,0.00190969,0.00337801,3.88E-06,0.0039767,0.0280117,5.4615386,87.9244,0.00597529,6.86E-06,0.0070343,0.0495493,9.6607994,155.5276,7.87E-09,8.07E-06,5.69E-05,0.011085549,0.1784644,0.008281,0.058331,11.372998,183.092,0.410881,80.110898,1289.692,15619.50048,251455.736,4048144,1861.985584,-719.173497,1,59
2,1,0.705,0.621,2,-8.086,1,0.0334,0.101,4.30E-06,0.147,0.395,109.993,2012,0.497025,0.437805,1.41,-5.70063,0.705,0.023547,0.071205,3.03E-06,0.103635,0.278475,77.545065,1418.46,0.385641,1.242,-5.021406,0.621,0.0207414,0.062721,2.67E-06,0.091287,0.245295,68.305653,1249.452,4,-16.172,2,0.0668,0.202,8.60E-06,0.294,0.79,219.986,4024,65.383396,-8.086,-0.2700724,-0.816686,-3.48E-05,-1.188642,-3.19397,-889.403398,-16269.032,1,0.0334,0.101,4.30E-06,0.147,0.395,109.993,2012,0.00111556,0.0033734,1.44E-07,0.0049098,0.013193,3.6737662,67.2008,0.010201,4.34E-07,0.014847,0.039895,11.109293,203.212,1.85E-11,6.32E-07,1.70E-06,0.00047297,0.0086516,0.021609,0.058065,16.168971,295.764,0.156025,43.447235,794.74,12098.46005,221305.916,4048144,-28593.12806,-40.62536354,1,41
3,1,0.622,0.469,3,-6.798,0,0.0363,0.00454,2.25E-06,0.0398,0.679,77.019,2012,0.386884,0.291718,1.866,-4.228356,0,0.0225786,0.00282388,1.40E-06,0.0247556,0.422338,47.905818,1251.464,0.219961,1.407,-3.188262,0,0.0170247,0.00212926,1.06E-06,0.0186662,0.318451,36.121911,943.628,9,-20.394,0,0.1089,0.01362,6.75E-06,0.1194,2.037,231.057,6036,46.212804,0,-0.2467674,-0.03086292,-1.53E-05,-0.2705604,-4.615842,-523.575162,-13677.576,0,0,0,0,0,0,0,0,0.00131769,0.000164802,8.17E-08,0.00144474,0.0246477,2.7957897,73.0356,2.06E-05,1.02E-08,0.000180692,0.00308266,0.34966626,9.13448,5.06E-12,8.96E-08,1.53E-06,0.000173293,0.004527,0.00158404,0.0270242,3.0653562,80.0776,0.461041,52.295901,1366.148,5931.926361,154962.228,4048144,-95137.20292,-683.2327275,1,65
4,1,0.602,0.609,0,-7.803,1,0.0243,0.0382,0.0002,0.127,0.337,93.06,2012,0.362404,0.366618,0,-4.697406,0.602,0.0146286,0.0229964,0.0001204,0.076454,0.202874,56.02212,1211.224,0.370881,0,-4.752027,0.609,0.0147987,0.0232638,0.0001218,0.077343,0.205233,56.67354,1225.308,0,0,0,0,0,0,0,0,0,0,60.886809,-7.803,-0.1896129,-0.2980746,-0.0015606,-0.990981,-2.629611,-726.14718,-15699.636,1,0.0243,0.0382,0.0002,0.127,0.337,93.06,2012,0.00059049,0.00092826,4.86E-06,0.0030861,0.0081891,2.261358,48.8916,0.00145924,7.64E-06,0.0048514,0.0128734,3.554892,76.8584,4.00E-08,2.54E-05,6.74E-05,0.018612,0.4024,0.016129,0.042799,11.81862,255.524,0.113569,31.36122,678.044,8660.1636,187236.72,4048144,-62815.68652,8.797331117,1,48
5,1,0.658,0.729,7,-6.561,1,0.0378,0.00215,0.0013,0.0752,0.668,104.007,2012,0.432964,0.479682,4.606,-4.317138,0.658,0.0248724,0.0014147,0.0008554,0.0494816,0.439544,68.436606,1323.896,0.531441,5.103,-4.782969,0.729,0.0275562,0.00156735,0.0009477,0.0548208,0.486972,75.821103,1466.748,49,-45.927,7,0.2646,0.01505,0.0091,0.5264,4.676,728.049,14084,43.046721,-6.561,-0.2480058,-0.01410615,-0.0085293,-0.4933872,-4.382748,-682.389927,-13200.732,1,0.0378,0.00215,0.0013,0.0752,0.668,104.007,2012,0.00142884,8.13E-05,4.91E-05,0.00284256,0.0252504,3.9314646,76.0536,4.62E-06,2.80E-06,0.00016168,0.0014362,0.22361505,4.3258,1.69E-06,9.78E-05,0.0008684,0.1352091,2.6156,0.00565504,0.0502336,7.8213264,151.3024,0.446224,69.476676,1344.016,10817.45605,209262.084,4048144,-40646.69835,-1039.977155,1,60
6,1,0.567,0.481,4,-7.357,1,0.027,0.0173,4.13E-05,0.182,0.233,145.865,2012,0.321489,0.272727,2.268,-4.171419,0.567,0.015309,0.0098091,2.34E-05,0.103194,0.132111,82.705455,1140.804,0.231361,1.924,-3.538717,0.481,0.012987,0.0083213,1.99E-05,0.087542,0.112073,70.161065,967.772,16,-29.428,4,0.108,0.0692,0.0001652,0.728,0.932,583.46,8048,54.125449,-7.357,-0.198639,-0.1272761,-0.000303844,-1.338974,-1.714181,-1073.128805,-14802.284,1,0.027,0.0173,4.13E-05,0.182,0.233,145.865,2012,0.000729,0.0004671,1.12E-06,0.004914,0.006291,3.938355,54.324,0.00029929,7.14E-07,0.0031486,0.0040309,2.5234645,34.8076,1.71E-09,7.52E-06,9.62E-06,0.006024225,0.0830956,0.033124,0.042406,26.54743,366.184,0.054289,33.986545,468.796,21276.59823,293480.38,4048144,44180.72474,-193.3229332,1,44
7,1,0.628,0.676,7,-5.911,1,0.0916,0.00957,2.65E-05,0.102,0.75,85.984,2012,0.394384,0.424528,4.396,-3.712108,0.628,0.0575248,0.00600996,1.66E-05,0.064056,0.471,53.997952,1263.536,0.456976,4.732,-3.995836,0.676,0.0619216,0.00646932,1.79E-05,0.068952,0.507,58.125184,1360.112,49,-41.377,7,0.6412,0.06699,0.0001855,0.714,5.25,601.888,14084,34.939921,-5.911,-0.5414476,-0.05656827,-0.000156642,-0.602922,-4.43325,-508.251424,-11892.932,1,0.0916,0.00957,2.65E-05,0.102,0.75,85.984,2012,0.00839056,0.000876612,2.43E-06,0.0093432,0.0687,7.8761344,184.2992,9.16E-05,2.54E-07,0.00097614,0.0071775,0.82286688,19.25484,7.02E-10,2.70E-06,1.99E-05,0.002278576,0.053318,0.010404,0.0765,8.770368,205.224,0.5625,64.488,1509,7393.248256,172999.808,4048144,-77028.50237,-1319.188585,1,64
8,1,0.729,0.748,0,-6.67,1,0.0245,0.307,1.29E-06,0.09,0.928,99.981,2012,0.531441,0.545292,0,-4.86243,0.729,0.0178605,0.223803,9.40E-07,0.06561,0.676512,72.886149,1466.748,0.559504,0,-4.98916,0.748,0.018326,0.229636,9.65E-07,0.06732,0.694144,74.785788,1504.976,0,0,0,0,0,0,0,0,0,0,44.4889,-6.67,-0.163415,-2.04769,-8.60E-06,-0.6003,-6.18976,-666.87327,-13420.04,1,0.0245,0.307,1.29E-06,0.09,0.928,99.981,2012,0.00060025,0.0075215,3.16E-08,0.002205,0.022736,2.4495345,49.294,0.094249,3.96E-07,0.02763,0.284896,30.694167,617.684,1.66E-12,1.16E-07,1.20E-06,0.000128975,0.00259548,0.0081,0.08352,8.99829,181.08,0.861184,92.782368,1867.136,9996.200361,201161.772,4048144,-48804.73354,-211.9419011,1,42
9,1,0.505,0.443,2,-7.039,1,0.0276,0.035,3.15E-06,0.0921,0.123,94.069,2012,0.255025,0.223715,1.01,-3.554695,0.505,0.013938,0.017675,1.59E-06,0.0465105,0.062115,47.504845,1016.06,0.196249,0.886,-3.118277,0.443,0.0122268,0.015505,1.40E-06,0.0408003,0.054489,41.672567,891.316,4,-14.078,2,0.0552,0.07,6.30E-06,0.1842,0.246,188.138,4024,49.547521,-7.039,-0.1942764,-0.246365,-2.22E-05,-0.6482919,-0.865797,-662.151691,-14162.468,1,0.0276,0.035,3.15E-06,0.0921,0.123,94.069,2012,0.00076176,0.000966,8.69E-08,0.00254196,0.0033948,2.5963044,55.5312,0.001225,1.10E-07,0.0032235,0.004305,3.292415,70.42,9.92E-12,2.90E-07,3.87E-07,0.000296317,0.0063378,0.00848241,0.0113283,8.6637549,185.3052,0.015129,11.570487,247.476,8848.976761,189266.828,4048144,-60752.5918,-403.2804723,1,42
10,1,0.627,0.816,4,-6.698,1,0.0774,0.0162,0.00208,0.0966,0.648,157.043,2012,0.393129,0.511632,2.508,-4.199646,0.627,0.0485298,0.0101574,0.00130416,0.0605682,0.406296,98.465961,1261.524,0.665856,3.264,-5.465568,0.816,0.0631584,0.0132192,0.00169728,0.0788256,0.528768,128.147088,1641.792,16,-26.792,4,0.3096,0.0648,0.00832,0.3864,2.592,628.172,8048,44.863204,-6.698,-0.5184252,-0.1085076,-0.01393184,-0.6470268,-4.340304,-1051.874014,-13476.376,1,0.0774,0.0162,0.00208,0.0966,0.648,157.043,2012,0.00599076,0.00125388,0.000160992,0.00747684,0.0501552,12.1551282,155.7288,0.00026244,3.37E-05,0.00156492,0.0104976,2.5440966,32.5944,4.33E-06,0.000200928,0.00134784,0.32664944,4.18496,0.00933156,0.0625968,15.1703538,194.3592,0.419904,101.763864,1303.776,24662.50385,315970.516,4048144,66935.59109,-268.3821593,1,43
11,1,0.624,0.34,7,-12.411,1,0.029,0.632,0.0337,0.121,0.261,129.987,2012,0.389376,0.21216,4.368,-7.744464,0.624,0.018096,0.394368,0.0210288,0.075504,0.162864,81.111888,1255.488,0.1156,2.38,-4.21974,0.34,0.00986,0.21488,0.011458,0.04114,0.08874,44.19558,684.08,49,-86.877,7,0.203,4.424,0.2359,0.847,1.827,909.909,14084,154.032921,-12.411,-0.359919,-7.843752,-0.4182507,-1.501731,-3.239271,-1613.268657,-24970.932,1,0.029,0.632,0.0337,0.121,0.261,129.987,2012,0.000841,0.018328,0.0009773,0.003509,0.007569,3.769623,58.348,0.399424,0.0212984,0.076472,0.164952,82.151784,1271.584,0.00113569,0.0040777,0.0087957,4.3805619,67.8044,0.014641,0.031581,15.728427,243.452,0.068121,33.926607,525.132,16896.62017,261533.844,4048144,11804.00873,547.2461754,1,40
12,1,0.706,0.499,4,-7.675,1,0.0369,0.0371,0,0.132,0.545,117.937,2012,0.498436,0.352294,2.824,-5.41855,0.706,0.0260514,0.0261926,0,0.093192,0.38477,83.263522,1420.472,0.249001,1.996,-3.829825,0.499,0.0184131,0.0185129,0,0.065868,0.271955,58.850563,1003.988,16,-30.7,4,0.1476,0.1484,0,0.528,2.18,471.748,8048,58.905625,-7.675,-0.2832075,-0.2847425,0,-1.0131,-4.182875,-905.166475,-15442.1,1,0.0369,0.0371,0,0.132,0.545,117.937,2012,0.00136161,0.00136899,0,0.0048708,0.0201105,4.3518753,74.2428,0.00137641,0,0.0048972,0.0202195,4.3754627,74.6452,0,0,0,0,0,0.017424,0.07194,15.567684,265.584,0.297025,64.275665,1096.54,13909.13597,237289.244,4048144,-12495.22408,-318.6280265,1,39
13,1,0.624,0.458,6,-6.755,1,0.0287,0.36,3.89E-06,0.303,0.436,80.017,2012,0.389376,0.285792,3.744,-4.21512,0.624,0.0179088,0.22464,2.43E-06,0.189072,0.272064,49.930608,1255.488,0.209764,2.748,-3.09379,0.458,0.0131446,0.16488,1.78E-06,0.138774,0.199688,36.647786,921.496,36,-40.53,6,0.1722,2.16,2.33E-05,1.818,2.616,480.102,12072,45.630025,-6.755,-0.1938685,-2.4318,-2.63E-05,-2.046765,-2.94518,-540.514835,-13591.06,1,0.0287,0.36,3.89E-06,0.303,0.436,80.017,2012,0.00082369,0.010332,1.12E-07,0.0086961,0.0125132,2.2964879,57.7444,0.1296,1.40E-06,0.10908,0.15696,28.80612,724.32,1.51E-11,1.18E-06,1.70E-06,0.000311266,0.00782668,0.091809,0.132108,24.245151,609.636,0.190096,34.887412,877.232,6402.720289,160994.204,4048144,-89088.39989,-1038.423552,1,61
14,1,0.649,0.777,9,-5.804,1,0.0406,0.0213,0.000335,0.221,0.587,126.018,2012,0.421201,0.504273,5.841,-3.766796,0.649,0.0263494,0.0138237,0.000217415,0.143429,0.380963,81.785682,1305.788,0.603729,6.993,-4.509708,0.777,0.0315462,0.0165501,0.000260295,0.171717,0.456099,97.915986,1563.324,81,-52.236,9,0.3654,0.1917,0.003015,1.989,5.283,1134.162,18108,33.686416,-5.804,-0.2356424,-0.1236252,-0.00194434,-1.282684,-3.406948,-731.408472,-11677.648,1,0.0406,0.0213,0.000335,0.221,0.587,126.018,2012,0.00164836,0.00086478,1.36E-05,0.0089726,0.0238322,5.1163308,81.6872,0.00045369,7.14E-06,0.0047073,0.0125031,2.6841834,42.8556,1.12E-07,7.40E-05,0.000196645,0.04221603,0.67402,0.048841,0.129727,27.849978,444.652,0.344569,73.972566,1181.044,15880.53632,253548.216,4048144,3945.386696,-1302.506035,1,42
15,1,0.53,0.526,7,-8.349,1,0.0263,0.199,3.52E-06,0.232,0.323,79.025,2012,0.2809,0.27878,3.71,-4.42497,0.53,0.013939,0.10547,1.87E-06,0.12296,0.17119,41.88325,1066.36,0.276676,3.682,-4.391574,0.526,0.0138338,0.104674,1.85E-06,0.122032,0.169898,41.56715,1058.312,49,-58.443,7,0.1841,1.393,2.46E-05,1.624,2.261,553.175,14084,69.705801,-8.349,-0.2195787,-1.661451,-2.94E-05,-1.936968,-2.696727,-659.779725,-16798.188,1,0.0263,0.199,3.52E-06,0.232,0.323,79.025,2012,0.00069169,0.0052337,9.26E-08,0.0061016,0.0084949,2.0783575,52.9156,0.039601,7.00E-07,0.046168,0.064277,15.725975,400.388,1.24E-11,8.17E-07,1.14E-06,0.000278168,0.00708224,0.053824,0.074936,18.3338,466.784,0.104329,25.525075,649.876,6244.950625,158998.3,4048144,-91129.31045,-784.5612287,1,57
16,1,0.683,0.627,6,-5.473,1,0.0345,0.265,4.81E-06,0.21,0.645,80.028,2013,0.466489,0.428241,4.098,-3.738059,0.683,0.0235635,0.180995,3.29E-06,0.14343,0.440535,54.659124,1374.879,0.393129,3.762,-3.431571,0.627,0.0216315,0.166155,3.02E-06,0.13167,0.404415,50.177556,1262.151,36,-32.838,6,0.207,1.59,2.89E-05,1.26,3.87,480.168,12078,29.953729,-5.473,-0.1888185,-1.450345,-2.63E-05,-1.14933,-3.530085,-437.993244,-11017.149,1,0.0345,0.265,4.81E-06,0.21,0.645,80.028,2013,0.00119025,0.0091425,1.66E-07,0.007245,0.0222525,2.760966,69.4485,0.070225,1.27E-06,0.05565,0.170925,21.20742,533.445,2.31E-11,1.01E-06,3.10E-06,0.000384935,0.00968253,0.0441,0.13545,16.80588,422.73,0.416025,51.61806,1298.385,6404.480784,161096.364,4052169,-88958.20237,2645.087827,1,0
17,1,0.624,0.757,7,-2.94,1,0.0296,0.00265,1.87E-06,0.189,0.658,121.07,2010,0.389376,0.472368,4.368,-1.83456,0.624,0.0184704,0.0016536,1.17E-06,0.117936,0.410592,75.54768,1254.24,0.573049,5.299,-2.22558,0.757,0.0224072,0.00200605,1.42E-06,0.143073,0.498106,91.64999,1521.57,49,-20.58,7,0.2072,0.01855,1.31E-05,1.323,4.606,847.49,14070,8.6436,-2.94,-0.087024,-0.007791,-5.50E-06,-0.55566,-1.93452,-355.9458,-5909.4,1,0.0296,0.00265,1.87E-06,0.189,0.658,121.07,2010,0.00087616,7.84E-05,5.54E-08,0.0055944,0.0194768,3.583672,59.496,7.02E-06,4.96E-09,0.00050085,0.0017437,0.3208355,5.3265,3.50E-12,3.53E-07,1.23E-06,0.000226401,0.0037587,0.035721,0.124362,22.88223,379.89,0.432964,79.66406,1322.58,14657.9449,243350.7,4040100,-6233.883312,-9759.171006,1,64
18,1,0.605,0.787,5,-3.002,1,0.0308,0.0396,1.42E-06,0.163,0.374,114.987,2010,0.366025,0.476135,3.025,-1.81621,0.605,0.018634,0.023958,8.59E-07,0.098615,0.22627,69.567135,1216.05,0.619369,3.935,-2.362574,0.787,0.0242396,0.0311652,1.12E-06,0.128281,0.294338,90.494769,1581.87,25,-15.01,5,0.154,0.198,7.10E-06,0.815,1.87,574.935,10050,9.012004,-3.002,-0.0924616,-0.1188792,-4.26E-06,-0.489326,-1.122748,-345.190974,-6034.02,1,0.0308,0.0396,1.42E-06,0.163,0.374,114.987,2010,0.00094864,0.00121968,4.37E-08,0.0050204,0.0115192,3.5415996,61.908,0.00156816,5.62E-08,0.0064548,0.0148104,4.5534852,79.596,2.02E-12,2.31E-07,5.31E-07,0.000163282,0.0028542,0.026569,0.060962,18.742881,327.63,0.139876,43.005138,751.74,13222.01017,231123.87,4040100,-18548.84258,-9551.159335,1,50
19,1,0.529,0.67,2,-4.663,1,0.0303,0.117,0,0.334,0.286,141.893,2010,0.279841,0.35443,1.058,-2.466727,0.529,0.0160287,0.061893,0,0.176686,0.151294,75.061397,1063.29,0.4489,1.34,-3.12421,0.67,0.020301,0.07839,0,0.22378,0.19162,95.06831,1346.7,4,-9.326,2,0.0606,0.234,0,0.668,0.572,283.786,4020,21.743569,-4.663,-0.1412889,-0.545571,0,-1.557442,-1.333618,-661.647059,-9372.63,1,0.0303,0.117,0,0.334,0.286,141.893,2010,0.00091809,0.0035451,0,0.0101202,0.0086658,4.2993579,60.903,0.013689,0,0.039078,0.033462,16.601481,235.17,0,0,0,0,0,0.111556,0.095524,47.392262,671.34,0.081796,40.581398,574.86,20133.62345,285204.93,4040100,35913.37944,-8605.761974,1,63
20,1,0.709,0.599,7,-3.734,1,0.0304,0.095,0,0.0973,0.735,118.975,2010,0.502681,0.424691,4.963,-2.647406,0.709,0.0215536,0.067355,0,0.0689857,0.521115,84.353275,1425.09,0.358801,4.193,-2.236666,0.599,0.0182096,0.056905,0,0.0582827,0.440265,71.266025,1203.99,49,-26.138,7,0.2128,0.665,0,0.6811,5.145,832.825,14070,13.942756,-3.734,-0.1135136,-0.35473,0,-0.3633182,-2.74449,-444.25265,-7505.34,1,0.0304,0.095,0,0.0973,0.735,118.975,2010,0.00092416,0.002888,0,0.00295792,0.022344,3.61684,61.104,0.009025,0,0.0092435,0.069825,11.302625,190.95,0,0,0,0,0,0.00946729,0.0715155,11.5762675,195.573,0.540225,87.446625,1477.35,14155.05062,239139.75,4040100,-10497.22064,-9582.215784,1,49
21,1,0.589,0.47,4,-5.32,1,0.028,0.166,1.45E-06,0.112,0.102,119.386,2010,0.346921,0.27683,2.356,-3.13348,0.589,0.016492,0.097774,8.54E-07,0.065968,0.060078,70.318354,1183.89,0.2209,1.88,-2.5004,0.47,0.01316,0.07802,6.82E-07,0.05264,0.04794,56.11142,944.7,16,-21.28,4,0.112,0.664,5.80E-06,0.448,0.408,477.544,8040,28.3024,-5.32,-0.14896,-0.88312,-7.71E-06,-0.59584,-0.54264,-635.13352,-10693.2,1,0.028,0.166,1.45E-06,0.112,0.102,119.386,2010,0.000784,0.004648,4.06E-08,0.003136,0.002856,3.342808,56.28,0.027556,2.41E-07,0.018592,0.016932,19.818076,333.66,2.10E-12,1.62E-07,1.48E-07,0.00017311,0.0029145,0.012544,0.011424,13.371232,225.12,0.010404,12.177372,205.02,14253.017,239965.86,4040100,-9716.097705,-8846.138138,1,47
22,1,0.568,0.761,4,-3.987,1,0.0459,0.452,0,0.217,0.789,163.974,2010,0.322624,0.432248,2.272,-2.264616,0.568,0.0260712,0.256736,0,0.123256,0.448152,93.137232,1141.68,0.579121,3.044,-3.034107,0.761,0.0349299,0.343972,0,0.165137,0.600429,124.784214,1529.61,16,-15.948,4,0.1836,1.808,0,0.868,3.156,655.896,8040,15.896169,-3.987,-0.1830033,-1.802124,0,-0.865179,-3.145743,-653.764338,-8013.87,1,0.0459,0.452,0,0.217,0.789,163.974,2010,0.00210681,0.0207468,0,0.0099603,0.0362151,7.5264066,92.259,0.204304,0,0.098084,0.356628,74.116248,908.52,0,0,0,0,0,0.047089,0.171213,35.582358,436.17,0.622521,129.375486,1585.89,26887.47268,329587.74,4040100,80812.8447,-8838.297685,1,63
23,1,0.543,0.818,4,-3.611,1,0.0398,0.00478,0.000368,0.0357,0.683,139.898,2010,0.294849,0.444174,2.172,-1.960773,0.543,0.0216114,0.00259554,0.000199824,0.0193851,0.370869,75.964614,1091.43,0.669124,3.272,-2.953798,0.818,0.0325564,0.00391004,0.000301024,0.0292026,0.558694,114.436564,1644.18,16,-14.444,4,0.1592,0.01912,0.001472,0.1428,2.732,559.592,8040,13.039321,-3.611,-0.1437178,-0.01726058,-0.001328848,-0.1289127,-2.466313,-505.171678,-7258.11,1,0.0398,0.00478,0.000368,0.0357,0.683,139.898,2010,0.00158404,0.000190244,1.46E-05,0.00142086,0.0271834,5.5679404,79.998,2.28E-05,1.76E-06,0.000170646,0.00326474,0.66871244,9.6078,1.35E-07,1.31E-05,0.000251344,0.051482464,0.73968,0.00127449,0.0243831,4.9943586,71.757,0.466489,95.550334,1372.83,19571.4504,281194.98,4040100,31899.07605,-9108.727673,1,57
24,1,0.714,0.305,2,-8.837,1,0.0305,0.819,0,0.174,0.554,124.91,2010,0.509796,0.21777,1.428,-6.309618,0.714,0.021777,0.584766,0,0.124236,0.395556,89.18574,1435.14,0.093025,0.61,-2.695285,0.305,0.0093025,0.249795,0,0.05307,0.16897,38.09755,613.05,4,-17.674,2,0.061,1.638,0,0.348,1.108,249.82,4020,78.092569,-8.837,-0.2695285,-7.237503,0,-1.537638,-4.895698,-1103.82967,-17762.37,1,0.0305,0.819,0,0.174,0.554,124.91,2010,0.00093025,0.0249795,0,0.005307,0.016897,3.809755,61.305,0.670761,0,0.142506,0.453726,102.30129,1646.19,0,0,0,0,0,0.030276,0.096396,21.73434,349.74,0.306916,69.20014,1113.54,15602.5081,251069.1,4040100,1362.49904,-7725.393698,1,49
25,1,0.455,0.623,8,-3.878,1,0.0288,0.0739,0.000424,0.146,0.208,163.893,2010,0.207025,0.283465,3.64,-1.76449,0.455,0.013104,0.0336245,0.00019292,0.06643,0.09464,74.571315,914.55,0.388129,4.984,-2.415994,0.623,0.0179424,0.0460397,0.000264152,0.090958,0.129584,102.105339,1252.23,64,-31.024,8,0.2304,0.5912,0.003392,1.168,1.664,1311.144,16080,15.038884,-3.878,-0.1116864,-0.2865842,-0.001644272,-0.566188,-0.806624,-635.577054,-7794.78,1,0.0288,0.0739,0.000424,0.146,0.208,163.893,2010,0.00082944,0.00212832,1.22E-05,0.0042048,0.0059904,4.7201184,57.888,0.00546121,3.13E-05,0.0107894,0.0153712,12.1116927,148.539,1.80E-07,6.19E-05,8.82E-05,0.069490632,0.85224,0.021316,0.030368,23.928378,293.46,0.043264,34.089744,418.08,26860.91545,329424.93,4040100,80661.81827,-9340.951614,1,59
26,1,0.516,0.917,11,-3.186,0,0.0827,0.0139,6.37E-06,0.36,0.635,145.821,2010,0.266256,0.473172,5.676,-1.643976,0,0.0426732,0.0071724,3.29E-06,0.18576,0.32766,75.243636,1037.16,0.840889,10.087,-2.921562,0,0.0758359,0.0127463,5.84E-06,0.33012,0.582295,133.717857,1843.17,121,-35.046,0,0.9097,0.1529,7.01E-05,3.96,6.985,1604.031,22110,10.150596,0,-0.2634822,-0.0442854,-2.03E-05,-1.14696,-2.02311,-464.585706,-6403.86,0,0,0,0,0,0,0,0,0.00683929,0.00114953,5.27E-07,0.029772,0.0525145,12.0593967,166.227,0.00019321,8.85E-08,0.005004,0.0088265,2.0269119,27.939,4.06E-11,2.29E-06,4.04E-06,0.00092888,0.0128037,0.1296,0.2286,52.49556,723.6,0.403225,92.596335,1276.35,21263.76404,293100.21,4040100,43950.82439,-9985.965646,1,47
27,1,0.552,0.608,1,-5.29,0,0.0259,0.186,0,0.125,0.17,134.05,2010,0.304704,0.335616,0.552,-2.92008,0,0.0142968,0.102672,0,0.069,0.09384,73.9956,1109.52,0.369664,0.608,-3.21632,0,0.0157472,0.113088,0,0.076,0.10336,81.5024,1222.08,1,-5.29,0,0.0259,0.186,0,0.125,0.17,134.05,2010,27.9841,0,-0.137011,-0.98394,0,-0.66125,-0.8993,-709.1245,-10632.9,0,0,0,0,0,0,0,0,0.00067081,0.0048174,0,0.0032375,0.004403,3.471895,52.059,0.034596,0,0.02325,0.03162,24.9333,373.86,0,0,0,0,0,0.015625,0.02125,16.75625,251.25,0.0289,22.7885,341.7,17969.4025,269440.5,4040100,19983.74324,-8382.546513,1,43
28,1,0.436,0.95,5,-2.627,1,0.057,0.0826,1.08E-06,0.149,0.352,162.088,2010,0.190096,0.4142,2.18,-1.145372,0.436,0.024852,0.0360136,4.71E-07,0.064964,0.153472,70.670368,876.36,0.9025,4.75,-2.49565,0.95,0.05415,0.07847,1.03E-06,0.14155,0.3344,153.9836,1909.5,25,-13.135,5,0.285,0.413,5.40E-06,0.745,1.76,810.44,10050,6.901129,-2.627,-0.149739,-0.2169902,-2.84E-06,-0.391423,-0.924704,-425.805176,-5280.27,1,0.057,0.0826,1.08E-06,0.149,0.352,162.088,2010,0.003249,0.0047082,6.16E-08,0.008493,0.020064,9.239016,114.57,0.00682276,8.92E-08,0.0123074,0.0290752,13.3884688,166.026,1.17E-12,1.61E-07,3.80E-07,0.000175055,0.0021708,0.022201,0.052448,24.151112,299.49,0.123904,57.054976,707.52,26272.51974,325796.88,4040100,77017.09643,-9299.791708,1,45
29,1,0.371,0.341,10,-9.475,1,0.0319,0.57,3.09E-05,0.101,0.196,89.038,2010,0.137641,0.126511,3.71,-3.515225,0.371,0.0118349,0.21147,1.15E-05,0.037471,0.072716,33.033098,745.71,0.116281,3.41,-3.230975,0.341,0.0108779,0.19437,1.05E-05,0.034441,0.066836,30.361958,685.41,100,-94.75,10,0.319,5.7,0.000309,1.01,1.96,890.38,20100,89.775625,-9.475,-0.3022525,-5.40075,-0.000292778,-0.956975,-1.8571,-843.63505,-19044.75,1,0.0319,0.57,3.09E-05,0.101,0.196,89.038,2010,0.00101761,0.018183,9.86E-07,0.0032219,0.0062524,2.8403122,64.119,0.3249,1.76E-05,0.05757,0.11172,50.75166,1145.7,9.55E-10,3.12E-06,6.06E-06,0.002751274,0.062109,0.010201,0.019796,8.992838,203.01,0.038416,17.451448,393.96,7927.765444,178966.38,4040100,-71121.84546,-8775.478379,1,47
30,1,0.418,0.68,7,-4.3,1,0.0346,0.036,7.59E-05,0.108,0.142,204.125,2010,0.174724,0.28424,2.926,-1.7974,0.418,0.0144628,0.015048,3.17E-05,0.045144,0.059356,85.32425,840.18,0.4624,4.76,-2.924,0.68,0.023528,0.02448,5.16E-05,0.07344,0.09656,138.805,1366.8,49,-30.1,7,0.2422,0.252,0.0005313,0.756,0.994,1428.875,14070,18.49,-4.3,-0.14878,-0.1548,-0.00032637,-0.4644,-0.6106,-877.7375,-8643,1,0.0346,0.036,7.59E-05,0.108,0.142,204.125,2010,0.00119716,0.0012456,2.63E-06,0.0037368,0.0049132,7.062725,69.546,0.001296,2.73E-06,0.003888,0.005112,7.3485,72.36,5.76E-09,8.20E-06,1.08E-05,0.015493088,0.152559,0.011664,0.015336,22.0455,217.08,0.020164,28.98575,285.42,41667.01563,410291.25,4040100,162733.7675,-8812.076446,1,48
31,1,0.695,0.723,7,-3.806,1,0.0285,0.00727,1.20E-06,0.1,0.679,121.011,2010,0.483025,0.502485,4.865,-2.64517,0.695,0.0198075,0.00505265,8.34E-07,0.0695,0.471905,84.102645,1396.95,0.522729,5.061,-2.751738,0.723,0.0206055,0.00525621,8.68E-07,0.0723,0.490917,87.490953,1453.23,49,-26.642,7,0.1995,0.05089,8.40E-06,0.7,4.753,847.077,14070,14.485636,-3.806,-0.108471,-0.02766962,-4.57E-06,-0.3806,-2.584274,-460.567866,-7650.06,1,0.0285,0.00727,1.20E-06,0.1,0.679,121.011,2010,0.00081225,0.000207195,3.42E-08,0.00285,0.0193515,3.4488135,57.285,5.29E-05,8.72E-09,0.000727,0.00493633,0.87974997,14.6127,1.44E-12,1.20E-07,8.15E-07,0.000145213,0.002412,0.01,0.0679,12.1011,201,0.461041,82.166469,1364.79,14643.66212,243232.11,4040100,-6377.675403,-9551.74175,1,47
32,1,0.536,0.444,2,-6.381,1,0.0269,0.789,0,0.192,0.36,141.662,2010,0.287296,0.237984,1.072,-3.420216,0.536,0.0144184,0.422904,0,0.102912,0.19296,75.930832,1077.36,0.197136,0.888,-2.833164,0.444,0.0119436,0.350316,0,0.085248,0.15984,62.897928,892.44,4,-12.762,2,0.0538,1.578,0,0.384,0.72,283.324,4020,40.717161,-6.381,-0.1716489,-5.034609,0,-1.225152,-2.29716,-903.945222,-12825.81,1,0.0269,0.789,0,0.192,0.36,141.662,2010,0.00072361,0.0212241,0,0.0051648,0.009684,3.8107078,54.069,0.622521,0,0.151488,0.28404,111.771318,1585.89,0,0,0,0,0,0.036864,0.06912,27.199104,385.92,0.1296,50.99832,723.6,20068.12224,284740.62,4040100,35394.50339,-8192.758527,1,0
33,1,0.512,0.727,4,-3.352,1,0.0265,0.168,3.27E-06,0.322,0.258,147.809,2010,0.262144,0.372224,2.048,-1.716224,0.512,0.013568,0.086016,1.67E-06,0.164864,0.132096,75.678208,1029.12,0.528529,2.908,-2.436904,0.727,0.0192655,0.122136,2.38E-06,0.234094,0.187566,107.457143,1461.27,16,-13.408,4,0.106,0.672,1.31E-05,1.288,1.032,591.236,8040,11.235904,-3.352,-0.088828,-0.563136,-1.10E-05,-1.079344,-0.864816,-495.455768,-6737.52,1,0.0265,0.168,3.27E-06,0.322,0.258,147.809,2010,0.00070225,0.004452,8.67E-08,0.008533,0.006837,3.9169385,53.265,0.028224,5.49E-07,0.054096,0.043344,24.831912,337.68,1.07E-11,1.05E-06,8.44E-07,0.000483335,0.0065727,0.103684,0.083076,47.594498,647.22,0.066564,38.134722,518.58,21847.50048,297096.09,4040100,47965.91292,-9112.63766,1,0
34,1,0.579,0.445,5,-4.931,1,0.0244,0.844,0,0.198,0.33,80.983,2010,0.335241,0.257655,2.895,-2.855049,0.579,0.0141276,0.488676,0,0.114642,0.19107,46.889157,1163.79,0.198025,2.225,-2.194295,0.445,0.010858,0.37558,0,0.08811,0.14685,36.037435,894.45,25,-24.655,5,0.122,4.22,0,0.99,1.65,404.915,10050,24.314761,-4.931,-0.1203164,-4.161764,0,-0.976338,-1.62723,-399.327173,-9911.31,1,0.0244,0.844,0,0.198,0.33,80.983,2010,0.00059536,0.0205936,0,0.0048312,0.008052,1.9759852,49.044,0.712336,0,0.167112,0.27852,68.349652,1696.44,0,0,0,0,0,0.039204,0.06534,16.034634,397.98,0.1089,26.72439,663.3,6558.246289,162775.83,4040100,-87238.96531,-9321.34523,1,0
35,1,0.613,0.56,0,-7.246,1,0.0289,0.543,0,0.0884,0.239,159.819,2011,0.375769,0.34328,0,-4.441798,0.613,0.0177157,0.332859,0,0.0541892,0.146507,97.969047,1232.743,0.3136,0,-4.05776,0.56,0.016184,0.30408,0,0.049504,0.13384,89.49864,1126.16,0,0,0,0,0,0,0,0,0,0,52.504516,-7.246,-0.2094094,-3.934578,0,-0.6405464,-1.731794,-1158.048474,-14571.706,1,0.0289,0.543,0,0.0884,0.239,159.819,2011,0.00083521,0.0156927,0,0.00255476,0.0069071,4.6187691,58.1179,0.294849,0,0.0480012,0.129777,86.781717,1091.973,0,0,0,0,0,0.00781456,0.0211276,14.1279996,177.7724,0.057121,38.196741,480.629,25542.11276,321396.009,4044121,72409.52402,-3627.882283,1,0
36,1,0.571,0.798,7,-3.587,1,0.0311,0.0345,2.63E-06,0.103,0.592,131.974,2010,0.326041,0.455658,3.997,-2.048177,0.571,0.0177581,0.0196995,1.50E-06,0.058813,0.338032,75.357154,1147.71,0.636804,5.586,-2.862426,0.798,0.0248178,0.027531,2.10E-06,0.082194,0.472416,105.315252,1603.98,49,-25.109,7,0.2177,0.2415,1.84E-05,0.721,4.144,923.818,14070,12.866569,-3.587,-0.1115557,-0.1237515,-9.43E-06,-0.369461,-2.123504,-473.390738,-7209.87,1,0.0311,0.0345,2.63E-06,0.103,0.592,131.974,2010,0.00096721,0.00107295,8.18E-08,0.0032033,0.0184112,4.1043914,62.511,0.00119025,9.07E-08,0.0035535,0.020424,4.553103,69.345,6.92E-12,2.71E-07,1.56E-06,0.000347092,0.0052863,0.010609,0.060976,13.593322,207.03,0.350464,78.128608,1189.92,17417.13668,265267.74,4040100,15836.24127,-9526.934213,1,0
37,1,0.618,0.687,2,-5.737,1,0.0271,0.111,0,0.0693,0.82,79.991,2008,0.381924,0.424566,1.236,-3.545466,0.618,0.0167478,0.068598,0,0.0428274,0.50676,49.434438,1240.944,0.471969,1.374,-3.941319,0.687,0.0186177,0.076257,0,0.0476091,0.56334,54.953817,1379.496,4,-11.474,2,0.0542,0.222,0,0.1386,1.64,159.982,4016,32.913169,-5.737,-0.1554727,-0.636807,0,-0.3975741,-4.70434,-458.908367,-11519.896,1,0.0271,0.111,0,0.0693,0.82,79.991,2008,0.00073441,0.0030081,0,0.00187803,0.022222,2.1677561,54.4168,0.012321,0,0.0076923,0.09102,8.879001,222.888,0,0,0,0,0,0.00480249,0.056826,5.5433763,139.1544,0.6724,65.59262,1646.56,6398.560081,160621.928,4032064,-89407.42991,-16751.12025,1,48
38,1,0.419,0.454,5,-6.809,1,0.0335,0.0583,3.78E-06,0.0974,0.288,200.017,2008,0.175561,0.190226,2.095,-2.852971,0.419,0.0140365,0.0244277,1.58E-06,0.0408106,0.120672,83.807123,841.352,0.206116,2.27,-3.091286,0.454,0.015209,0.0264682,1.72E-06,0.0442196,0.130752,90.807718,911.632,25,-34.045,5,0.1675,0.2915,1.89E-05,0.487,1.44,1000.085,10040,46.362481,-6.809,-0.2281015,-0.3969647,-2.57E-05,-0.6631966,-1.960992,-1361.915753,-13672.472,1,0.0335,0.0583,3.78E-06,0.0974,0.288,200.017,2008,0.00112225,0.00195305,1.27E-07,0.0032629,0.009648,6.7005695,67.268,0.00339889,2.20E-07,0.00567842,0.0167904,11.6609911,117.0664,1.43E-11,3.68E-07,1.09E-06,0.000756064,0.00759024,0.00948676,0.0280512,19.4816558,195.5792,0.082944,57.604896,578.304,40006.80029,401634.136,4032064,153876.6299,-15972.18574,1,48
39,1,0.592,0.16,9,-10.785,1,0.0347,0.852,0,0.116,0.294,118.929,2008,0.350464,0.09472,5.328,-6.38472,0.592,0.0205424,0.504384,0,0.068672,0.174048,70.405968,1188.736,0.0256,1.44,-1.7256,0.16,0.005552,0.13632,0,0.01856,0.04704,19.02864,321.28,81,-97.065,9,0.3123,7.668,0,1.044,2.646,1070.361,18072,116.316225,-10.785,-0.3742395,-9.18882,0,-1.25106,-3.17079,-1282.649265,-21656.28,1,0.0347,0.852,0,0.116,0.294,118.929,2008,0.00120409,0.0295644,0,0.0040252,0.0102018,4.1268363,69.6776,0.725904,0,0.098832,0.250488,101.327508,1710.816,0,0,0,0,0,0.013456,0.034104,13.795764,232.928,0.086436,34.965126,590.352,14144.10704,238809.432,4032064,-11004.8404,-16098.58088,1,50
40,1,0.527,0.475,2,-6.205,1,0.0258,0.0868,4.34E-06,0.248,0.224,143.962,2008,0.277729,0.250325,1.054,-3.270035,0.527,0.0135966,0.0457436,2.29E-06,0.130696,0.118048,75.867974,1058.216,0.225625,0.95,-2.947375,0.475,0.012255,0.04123,2.06E-06,0.1178,0.1064,68.38195,953.8,4,-12.41,2,0.0516,0.1736,8.68E-06,0.496,0.448,287.924,4016,38.502025,-6.205,-0.160089,-0.538594,-2.69E-05,-1.53884,-1.38992,-893.28421,-12459.64,1,0.0258,0.0868,4.34E-06,0.248,0.224,143.962,2008,0.00066564,0.00223944,1.12E-07,0.0063984,0.0057792,3.7142196,51.8064,0.00753424,3.77E-07,0.0215264,0.0194432,12.4959016,174.2944,1.88E-11,1.08E-06,9.72E-07,0.000624795,0.00871472,0.061504,0.055552,35.702576,497.984,0.050176,32.247488,449.792,20725.05744,289075.696,4032064,39799.41638,-16187.96654,1,47
41,1,0.61,0.531,2,-6.123,1,0.0239,0.367,0,0.351,0.228,85.979,2008,0.3721,0.32391,1.22,-3.73503,0.61,0.014579,0.22387,0,0.21411,0.13908,52.44719,1224.88,0.281961,1.062,-3.251313,0.531,0.0126909,0.194877,0,0.186381,0.121068,45.654849,1066.248,4,-12.246,2,0.0478,0.734,0,0.702,0.456,171.958,4016,37.491129,-6.123,-0.1463397,-2.247141,0,-2.149173,-1.396044,-526.449417,-12294.984,1,0.0239,0.367,0,0.351,0.228,85.979,2008,0.00057121,0.0087713,0,0.0083889,0.0054492,2.0548981,47.9912,0.134689,0,0.128817,0.083676,31.554293,736.936,0,0,0,0,0,0.123201,0.080028,30.178629,704.808,0.051984,19.603212,457.824,7392.388441,172645.832,4032064,-77367.35929,-16617.65832,1,45
42,1,0.476,0.816,4,-4.279,1,0.0347,0.169,0,0.238,0.469,163.847,2008,0.226576,0.388416,1.904,-2.036804,0.476,0.0165172,0.080444,0,0.113288,0.223244,77.991172,955.808,0.665856,3.264,-3.491664,0.816,0.0283152,0.137904,0,0.194208,0.382704,133.699152,1638.528,16,-17.116,4,0.1388,0.676,0,0.952,1.876,655.388,8032,18.309841,-4.279,-0.1484813,-0.723151,0,-1.018402,-2.006851,-701.101313,-8592.232,1,0.0347,0.169,0,0.238,0.469,163.847,2008,0.00120409,0.0058643,0,0.0082586,0.0162743,5.6854909,69.6776,0.028561,0,0.040222,0.079261,27.690143,339.352,0,0,0,0,0,0.056644,0.111622,38.995586,477.904,0.219961,76.844243,941.752,26845.83941,329004.776,4032064,80237.6594,-16738.3239,1,45
43,1,0.598,0.714,5,-4.397,1,0.0273,0.0364,1.04E-06,0.31,0.467,99.979,2008,0.357604,0.426972,2.99,-2.629406,0.598,0.0163254,0.0217672,6.22E-07,0.18538,0.279266,59.787442,1200.784,0.509796,3.57,-3.139458,0.714,0.0194922,0.0259896,7.43E-07,0.22134,0.333438,71.385006,1433.712,25,-21.985,5,0.1365,0.182,5.20E-06,1.55,2.335,499.895,10040,19.333609,-4.397,-0.1200381,-0.1600508,-4.57E-06,-1.36307,-2.053399,-439.607663,-8829.176,1,0.0273,0.0364,1.04E-06,0.31,0.467,99.979,2008,0.00074529,0.00099372,2.84E-08,0.008463,0.0127491,2.7294267,54.8184,0.00132496,3.79E-08,0.011284,0.0169988,3.6392356,73.0912,1.08E-12,3.22E-07,4.86E-07,0.000103978,0.00208832,0.0961,0.14477,30.99349,622.48,0.218089,46.690193,937.736,9995.800441,200757.832,4032064,-49099.5681,-17289.13356,1,49
44,1,0.559,0.636,7,-4.4,1,0.0263,0.0728,0,0.144,0.214,95.485,2008,0.312481,0.355524,3.913,-2.4596,0.559,0.0147017,0.0406952,0,0.080496,0.119626,53.376115,1122.472,0.404496,4.452,-2.7984,0.636,0.0167268,0.0463008,0,0.091584,0.136104,60.72846,1277.088,49,-30.8,7,0.1841,0.5096,0,1.008,1.498,668.395,14056,19.36,-4.4,-0.11572,-0.32032,0,-0.6336,-0.9416,-420.134,-8835.2,1,0.0263,0.0728,0,0.144,0.214,95.485,2008,0.00069169,0.00191464,0,0.0037872,0.0056282,2.5112555,52.8104,0.00529984,0,0.0104832,0.0155792,6.951308,146.1824,0,0,0,0,0,0.020736,0.030816,13.74984,289.152,0.045796,20.43379,429.712,9117.385225,191733.88,4032064,-58156.69403,-17555.15924,1,49
45,1,0.618,0.736,2,-3.937,1,0.0308,0.157,0,0.073,0.307,118.982,2008,0.381924,0.454848,1.236,-2.433066,0.618,0.0190344,0.097026,0,0.045114,0.189726,73.530876,1240.944,0.541696,1.472,-2.897632,0.736,0.0226688,0.115552,0,0.053728,0.225952,87.570752,1477.888,4,-7.874,2,0.0616,0.314,0,0.146,0.614,237.964,4016,15.499969,-3.937,-0.1212596,-0.618109,0,-0.287401,-1.208659,-468.432134,-7905.496,1,0.0308,0.157,0,0.073,0.307,118.982,2008,0.00094864,0.0048356,0,0.0022484,0.0094556,3.6646456,61.8464,0.024649,0,0.011461,0.048199,18.680174,315.256,0,0,0,0,0,0.005329,0.022411,8.685686,146.584,0.094249,36.527474,616.456,14156.71632,238915.856,4032064,-10720.28912,-16909.96494,1,54
46,1,0.843,0.553,6,-7.348,1,0.0317,0.168,2.66E-06,0.107,0.825,115.997,2008,0.710649,0.466179,5.058,-6.194364,0.843,0.0267231,0.141624,2.24E-06,0.090201,0.695475,97.785471,1692.744,0.305809,3.318,-4.063444,0.553,0.0175301,0.092904,1.47E-06,0.059171,0.456225,64.146341,1110.424,36,-44.088,6,0.1902,1.008,1.60E-05,0.642,4.95,695.982,12048,53.993104,-7.348,-0.2329316,-1.234464,-1.95E-05,-0.786236,-6.0621,-852.345956,-14754.784,1,0.0317,0.168,2.66E-06,0.107,0.825,115.997,2008,0.00100489,0.0053256,8.43E-08,0.0033919,0.0261525,3.6771049,63.6536,0.028224,4.47E-07,0.017976,0.1386,19.487496,337.344,7.08E-12,2.85E-07,2.19E-06,0.000308552,0.00534128,0.011449,0.088275,12.411679,214.856,0.680625,95.697525,1656.6,13455.30401,232921.976,4032064,-16841.2012,-16586.97596,1,47
47,1,0.585,0.346,0,-8.014,1,0.0256,0.302,0,0.102,0.195,92.564,2008,0.342225,0.20241,0,-4.68819,0.585,0.014976,0.17667,0,0.05967,0.114075,54.14994,1174.68,0.119716,0,-2.772844,0.346,0.0088576,0.104492,0,0.035292,0.06747,32.027144,694.768,0,0,0,0,0,0,0,0,0,0,64.224196,-8.014,-0.2051584,-2.420228,0,-0.817428,-1.56273,-741.807896,-16092.112,1,0.0256,0.302,0,0.102,0.195,92.564,2008,0.00065536,0.0077312,0,0.0026112,0.004992,2.3696384,51.4048,0.091204,0,0.030804,0.05889,27.954328,606.416,0,0,0,0,0,0.010404,0.01989,9.441528,204.816,0.038025,18.04998,391.56,8568.094096,185868.512,4032064,-64161.26337,-15884.54651,1,50
48,1,0.687,0.771,6,-4.424,1,0.0384,0.164,2.46E-05,0.112,0.445,129.964,2008,0.471969,0.529677,4.122,-3.039288,0.687,0.0263808,0.112668,1.69E-05,0.076944,0.305715,89.285268,1379.496,0.594441,4.626,-3.410904,0.771,0.0296064,0.126444,1.90E-05,0.086352,0.343095,100.202244,1548.168,36,-26.544,6,0.2304,0.984,0.0001476,0.672,2.67,779.784,12048,19.571776,-4.424,-0.1698816,-0.725536,-0.00010883,-0.495488,-1.96868,-574.960736,-8883.392,1,0.0384,0.164,2.46E-05,0.112,0.445,129.964,2008,0.00147456,0.0062976,9.45E-07,0.0043008,0.017088,4.9906176,77.1072,0.026896,4.03E-06,0.018368,0.07298,21.314096,329.312,6.05E-10,2.76E-06,1.09E-05,0.003197114,0.0493968,0.012544,0.04984,14.555968,224.896,0.198025,57.83398,893.56,16890.6413,260967.712,4032064,11493.49479,-17187.50845,1,57
49,1,0.498,0.486,1,-7.384,1,0.0273,0.373,0,0.113,0.17,147.952,2008,0.248004,0.242028,0.498,-3.677232,0.498,0.0135954,0.185754,0,0.056274,0.08466,73.680096,999.984,0.236196,0.486,-3.588624,0.486,0.0132678,0.181278,0,0.054918,0.08262,71.904672,975.888,1,-7.384,1,0.0273,0.373,0,0.113,0.17,147.952,2008,54.523456,-7.384,-0.2015832,-2.754232,0,-0.834392,-1.25528,-1092.477568,-14827.072,1,0.0273,0.373,0,0.113,0.17,147.952,2008,0.00074529,0.0101829,0,0.0030849,0.004641,4.0390896,54.8184,0.139129,0,0.042149,0.06341,55.186096,748.984,0,0,0,0,0,0.012769,0.01921,16.718576,226.904,0.0289,25.15184,341.36,21889.7943,297087.616,4032064,47858.09184,-15757.64328,1,54
50,1,0.601,0.852,7,-3.096,1,0.0386,0.0606,3.41E-06,0.37,0.513,100.015,2008,0.361201,0.512052,4.207,-1.860696,0.601,0.0231986,0.0364206,2.05E-06,0.22237,0.308313,60.109015,1206.808,0.725904,5.964,-2.637792,0.852,0.0328872,0.0516312,2.91E-06,0.31524,0.437076,85.21278,1710.816,49,-21.672,7,0.2702,0.4242,2.39E-05,2.59,3.591,700.105,14056,9.585216,-3.096,-0.1195056,-0.1876176,-1.06E-05,-1.14552,-1.588248,-309.64644,-6216.768,1,0.0386,0.0606,3.41E-06,0.37,0.513,100.015,2008,0.00148996,0.00233916,1.32E-07,0.014282,0.0198018,3.860579,77.5088,0.00367236,2.07E-07,0.022422,0.0310878,6.060909,121.6848,1.16E-11,1.26E-06,1.75E-06,0.000341051,0.00684728,0.1369,0.18981,37.00555,742.96,0.263169,51.307695,1030.104,10003.00023,200830.12,4032064,-48986.00249,-17835.94132,1,45
51,1,0.459,0.459,6,-4.126,1,0.0275,0.13,2.30E-06,0.113,0.281,134.018,2008,0.210681,0.210681,2.754,-1.893834,0.459,0.0126225,0.05967,1.06E-06,0.051867,0.128979,61.514262,921.672,0.210681,2.754,-1.893834,0.459,0.0126225,0.05967,1.06E-06,0.051867,0.128979,61.514262,921.672,36,-24.756,6,0.165,0.78,1.38E-05,0.678,1.686,804.108,12048,17.023876,-4.126,-0.113465,-0.53638,-9.49E-06,-0.466238,-1.159406,-552.958268,-8285.008,1,0.0275,0.13,2.30E-06,0.113,0.281,134.018,2008,0.00075625,0.003575,6.33E-08,0.0031075,0.0077275,3.685495,55.22,0.0169,2.99E-07,0.01469,0.03653,17.42234,261.04,5.29E-12,2.60E-07,6.46E-07,0.000308241,0.0046184,0.012769,0.031753,15.144034,226.904,0.078961,37.659058,564.248,17960.82432,269108.144,4032064,19711.23698,-17229.95841,1,47
52,1,0.436,0.712,5,-3.689,1,0.0329,0.0322,0,0.111,0.379,160.886,2008,0.190096,0.310432,2.18,-1.608404,0.436,0.0143444,0.0140392,0,0.048396,0.165244,70.146296,875.488,0.506944,3.56,-2.626568,0.712,0.0234248,0.0229264,0,0.079032,0.269848,114.550832,1429.696,25,-18.445,5,0.1645,0.161,0,0.555,1.895,804.43,10040,13.608721,-3.689,-0.1213681,-0.1187858,0,-0.409479,-1.398131,-593.508454,-7407.512,1,0.0329,0.0322,0,0.111,0.379,160.886,2008,0.00108241,0.00105938,0,0.0036519,0.0124691,5.2931494,66.0632,0.00103684,0,0.0035742,0.0122038,5.1805292,64.6576,0,0,0,0,0,0.012321,0.042069,17.858346,222.888,0.143641,60.975794,761.032,25884.305,323059.088,4032064,74237.39755,-17019.94679,1,47
53,1,0.605,0.829,10,-4.993,1,0.0549,0.0907,0,0.106,0.514,128.012,2008,0.366025,0.501545,6.05,-3.020765,0.605,0.0332145,0.0548735,0,0.06413,0.31097,77.44726,1214.84,0.687241,8.29,-4.139197,0.829,0.0455121,0.0751903,0,0.087874,0.426106,106.121948,1664.632,100,-49.93,10,0.549,0.907,0,1.06,5.14,1280.12,20080,24.930049,-4.993,-0.2741157,-0.4528651,0,-0.529258,-2.566402,-639.163916,-10025.944,1,0.0549,0.0907,0,0.106,0.514,128.012,2008,0.00301401,0.00497943,0,0.0058194,0.0282186,7.0278588,110.2392,0.00822649,0,0.0096142,0.0466198,11.6106884,182.1256,0,0,0,0,0,0.011236,0.054484,13.569272,212.848,0.264196,65.798168,1032.112,16387.07214,257048.096,4032064,7535.992009,-17539.89457,1,48
54,1,0.664,0.447,1,-8.535,1,0.0292,0.611,1.00E-06,0.139,0.364,126.079,2008,0.440896,0.296808,0.664,-5.66724,0.664,0.0193888,0.405704,6.64E-07,0.092296,0.241696,83.716456,1333.312,0.199809,0.447,-3.815145,0.447,0.0130524,0.273117,4.47E-07,0.062133,0.162708,56.357313,897.576,1,-8.535,1,0.0292,0.611,1.00E-06,0.139,0.364,126.079,2008,72.846225,-8.535,-0.249222,-5.214885,-8.54E-06,-1.186365,-3.10674,-1076.084265,-17138.28,1,0.0292,0.611,1.00E-06,0.139,0.364,126.079,2008,0.00085264,0.0178412,2.92E-08,0.0040588,0.0106288,3.6815068,58.6336,0.373321,6.11E-07,0.084929,0.222404,77.034269,1226.888,1.00E-12,1.39E-07,3.64E-07,0.000126079,0.002008,0.019321,0.050596,17.524981,279.112,0.132496,45.892756,730.912,15895.91424,253166.632,4032064,3502.550867,-15640.33659,1,45
55,1,0.548,0.756,5,-4.175,1,0.036,0.00471,0,0.117,0.224,96.038,2008,0.300304,0.414288,2.74,-2.2879,0.548,0.019728,0.00258108,0,0.064116,0.122752,52.628824,1100.384,0.571536,3.78,-3.1563,0.756,0.027216,0.00356076,0,0.088452,0.169344,72.604728,1518.048,25,-20.875,5,0.18,0.02355,0,0.585,1.12,480.19,10040,17.430625,-4.175,-0.1503,-0.01966425,0,-0.488475,-0.9352,-400.95865,-8383.4,1,0.036,0.00471,0,0.117,0.224,96.038,2008,0.001296,0.00016956,0,0.004212,0.008064,3.457368,72.288,2.22E-05,0,0.00055107,0.00105504,0.45233898,9.45768,0,0,0,0,0,0.013689,0.026208,11.236446,234.936,0.050176,21.512512,449.792,9223.297444,192844.304,4032064,-57039.58448,-17369.72262,1,44
56,1,0.58,0.491,0,-6.462,1,0.0251,0.575,0,0.121,0.425,76.009,2006,0.3364,0.28478,0,-3.74796,0.58,0.014558,0.3335,0,0.07018,0.2465,44.08522,1163.48,0.241081,0,-3.172842,0.491,0.0123241,0.282325,0,0.059411,0.208675,37.320419,984.946,0,0,0,0,0,0,0,0,0,0,41.757444,-6.462,-0.1621962,-3.71565,0,-0.781902,-2.74635,-491.170158,-12962.772,1,0.0251,0.575,0,0.121,0.425,76.009,2006,0.00063001,0.0144325,0,0.0030371,0.0106675,1.9078259,50.3506,0.330625,0,0.069575,0.244375,43.705175,1153.45,0,0,0,0,0,0.014641,0.051425,9.197089,242.726,0.180625,32.303825,852.55,5777.368081,152474.054,4024036,-97578.08843,-24326.06598,1,59
57,1,0.658,0.877,7,-2.098,1,0.0323,0.173,0,0.0962,0.821,105.586,2006,0.432964,0.577066,4.606,-1.380484,0.658,0.0212534,0.113834,0,0.0632996,0.540218,69.475588,1319.948,0.769129,6.139,-1.839946,0.877,0.0283271,0.151721,0,0.0843674,0.720017,92.598922,1759.262,49,-14.686,7,0.2261,1.211,0,0.6734,5.747,739.102,14042,4.401604,-2.098,-0.0677654,-0.362954,0,-0.2018276,-1.722458,-221.519428,-4208.588,1,0.0323,0.173,0,0.0962,0.821,105.586,2006,0.00104329,0.0055879,0,0.00310726,0.0265183,3.4104278,64.7938,0.029929,0,0.0166426,0.142033,18.266378,347.038,0,0,0,0,0,0.00925444,0.0789802,10.1573732,192.9772,0.674041,86.686106,1646.926,11148.4034,211805.516,4024036,-37913.1243,-25990.98951,1,61
58,1,0.621,0.417,10,-6.941,1,0.0231,0.288,0,0.119,0.289,99.953,2006,0.385641,0.258957,6.21,-4.310361,0.621,0.0143451,0.178848,0,0.073899,0.179469,62.070813,1245.726,0.173889,4.17,-2.894397,0.417,0.0096327,0.120096,0,0.049623,0.120513,41.680401,836.502,100,-69.41,10,0.231,2.88,0,1.19,2.89,999.53,20060,48.177481,-6.941,-0.1603371,-1.999008,0,-0.825979,-2.005949,-693.773773,-13923.646,1,0.0231,0.288,0,0.119,0.289,99.953,2006,0.00053361,0.0066528,0,0.0027489,0.0066759,2.3089143,46.3386,0.082944,0,0.034272,0.083232,28.786464,577.728,0,0,0,0,0,0.014161,0.034391,11.894407,238.714,0.083521,28.886417,579.734,9990.602209,200505.718,4024036,-49396.15603,-25228.20093,1,61
59,1,0.576,0.777,9,-2.881,1,0.0324,0.051,0,0.32,0.428,115.028,2006,0.331776,0.447552,5.184,-1.659456,0.576,0.0186624,0.029376,0,0.18432,0.246528,66.256128,1155.456,0.603729,6.993,-2.238537,0.777,0.0251748,0.039627,0,0.24864,0.332556,89.376756,1558.662,81,-25.929,9,0.2916,0.459,0,2.88,3.852,1035.252,18054,8.300161,-2.881,-0.0933444,-0.146931,0,-0.92192,-1.233068,-331.395668,-5779.286,1,0.0324,0.051,0,0.32,0.428,115.028,2006,0.00104976,0.0016524,0,0.010368,0.0138672,3.7269072,64.9944,0.002601,0,0.01632,0.021828,5.866428,102.306,0,0,0,0,0,0.1024,0.13696,36.80896,641.92,0.183184,49.231984,858.568,13231.44078,230746.168,4024036,-18879.88834,-25975.84678,1,49
60,1,0.418,0.482,5,-5.769,1,0.0266,0.217,0,0.123,0.261,175.558,2006,0.174724,0.201476,2.09,-2.411442,0.418,0.0111188,0.090706,0,0.051414,0.109098,73.383244,838.508,0.232324,2.41,-2.780658,0.482,0.0128212,0.104594,0,0.059286,0.125802,84.618956,966.892,25,-28.845,5,0.133,1.085,0,0.615,1.305,877.79,10030,33.281361,-5.769,-0.1534554,-1.251873,0,-0.709587,-1.505709,-1012.794102,-11572.614,1,0.0266,0.217,0,0.123,0.261,175.558,2006,0.00070756,0.0057722,0,0.0032718,0.0069426,4.6698428,53.3596,0.047089,0,0.026691,0.056637,38.096086,435.302,0,0,0,0,0,0.015129,0.032103,21.593634,246.738,0.068121,45.820638,523.566,30820.61136,352169.348,4024036,103692.9641,-24369.09807,1,49
61,1,0.589,0.805,5,-4.055,1,0.0293,0.00491,0,0.24,0.591,112.982,2006,0.346921,0.474145,2.945,-2.388395,0.589,0.0172577,0.00289199,0,0.14136,0.348099,66.546398,1181.534,0.648025,4.025,-3.264275,0.805,0.0235865,0.00395255,0,0.1932,0.475755,90.95051,1614.83,25,-20.275,5,0.1465,0.02455,0,1.2,2.955,564.91,10030,16.443025,-4.055,-0.1188115,-0.01991005,0,-0.9732,-2.396505,-458.14201,-8134.33,1,0.0293,0.00491,0,0.24,0.591,112.982,2006,0.00085849,0.000143863,0,0.007032,0.0173163,3.3103726,58.7758,2.41E-05,0,0.0011784,0.00290181,0.55474162,9.84946,0,0,0,0,0,0.0576,0.14184,27.11568,481.44,0.349281,66.772362,1185.546,12764.93232,226641.892,4024036,-23051.37268,-25238.29019,1,46
62,1,0.479,0.578,2,-4.963,1,0.0294,0.525,0,0.0841,0.192,146.165,2006,0.229441,0.276862,0.958,-2.377277,0.479,0.0140826,0.251475,0,0.0402839,0.091968,70.013035,960.874,0.334084,1.156,-2.868614,0.578,0.0169932,0.30345,0,0.0486098,0.110976,84.48337,1159.468,4,-9.926,2,0.0588,1.05,0,0.1682,0.384,292.33,4012,24.631369,-4.963,-0.1459122,-2.605575,0,-0.4173883,-0.952896,-725.416895,-9955.778,1,0.0294,0.525,0,0.0841,0.192,146.165,2006,0.00086436,0.015435,0,0.00247254,0.0056448,4.297251,58.9764,0.275625,0,0.0441525,0.1008,76.736625,1053.15,0,0,0,0,0,0.00707281,0.0161472,12.2924765,168.7046,0.036864,28.06368,385.152,21364.20723,293206.99,4024036,44026.81879,-24425.9672,1,48
63,1,0.594,0.629,8,-4.919,1,0.0246,0.0868,0,0.137,0.504,131.597,2006,0.352836,0.373626,4.752,-2.921886,0.594,0.0146124,0.0515592,0,0.081378,0.299376,78.168618,1191.564,0.395641,5.032,-3.094051,0.629,0.0154734,0.0545972,0,0.086173,0.317016,82.774513,1261.774,64,-39.352,8,0.1968,0.6944,0,1.096,4.032,1052.776,16048,24.196561,-4.919,-0.1210074,-0.4269692,0,-0.673903,-2.479176,-647.325643,-9867.514,1,0.0246,0.0868,0,0.137,0.504,131.597,2006,0.00060516,0.00213528,0,0.0033702,0.0123984,3.2372862,49.3476,0.00753424,0,0.0118916,0.0437472,11.4226196,174.1208,0,0,0,0,0,0.018769,0.069048,18.028789,274.822,0.254016,66.324888,1011.024,17317.77041,263983.582,4024036,14544.75854,-25252.52127,1,49
64,1,0.476,0.777,4,-3.771,0,0.0289,0.0103,0,0.196,0.472,167.964,2006,0.226576,0.369852,1.904,-1.794996,0,0.0137564,0.0049028,0,0.093296,0.224672,79.950864,954.856,0.603729,3.108,-2.930067,0,0.0224553,0.0080031,0,0.152292,0.366744,130.508028,1558.662,16,-15.084,0,0.1156,0.0412,0,0.784,1.888,671.856,8024,14.220441,0,-0.1089819,-0.0388413,0,-0.739116,-1.779912,-633.392244,-7564.626,0,0,0,0,0,0,0,0,0.00083521,0.00029767,0,0.0056644,0.0136408,4.8541596,57.9734,0.00010609,0,0.0020188,0.0048616,1.7300292,20.6618,0,0,0,0,0,0.038416,0.092512,32.920944,393.176,0.222784,79.279008,946.832,28211.9053,336935.784,4024036,88307.0321,-24776.16218,1,57
65,1,0.403,0.627,2,-5.28,1,0.0292,0.0177,0,0.182,0.374,74.9,2006,0.162409,0.252681,0.806,-2.12784,0.403,0.0117676,0.0071331,0,0.073346,0.150722,30.1847,808.418,0.393129,1.254,-3.31056,0.627,0.0183084,0.0110979,0,0.114114,0.234498,46.9623,1257.762,4,-10.56,2,0.0584,0.0354,0,0.364,0.748,149.8,4012,27.8784,-5.28,-0.154176,-0.093456,0,-0.96096,-1.97472,-395.472,-10591.68,1,0.0292,0.0177,0,0.182,0.374,74.9,2006,0.00085264,0.00051684,0,0.0053144,0.0109208,2.18708,58.5752,0.00031329,0,0.0032214,0.0066198,1.32573,35.5062,0,0,0,0,0,0.033124,0.068068,13.6318,365.092,0.139876,28.0126,750.244,5610.01,150249.4,4024036,-99766.20371,-24855.15288,1,50
66,1,0.668,0.672,2,-4.931,1,0.0303,0.111,0,0.329,0.539,89.011,2006,0.446224,0.448896,1.336,-3.293908,0.668,0.0202404,0.074148,0,0.219772,0.360052,59.459348,1340.008,0.451584,1.344,-3.313632,0.672,0.0203616,0.074592,0,0.221088,0.362208,59.815392,1348.032,4,-9.862,2,0.0606,0.222,0,0.658,1.078,178.022,4012,24.314761,-4.931,-0.1494093,-0.547341,0,-1.622299,-2.657809,-438.913241,-9891.586,1,0.0303,0.111,0,0.329,0.539,89.011,2006,0.00091809,0.0033633,0,0.0099687,0.0163317,2.6970333,60.7818,0.012321,0,0.036519,0.059829,9.880221,222.666,0,0,0,0,0,0.108241,0.177331,29.284619,659.974,0.290521,47.976929,1081.234,7922.958121,178556.066,4024036,-71389.42776,-24840.40928,1,65
67,1,0.563,0.934,8,-3.629,1,0.0646,0.00452,0.000807,0.103,0.518,143.964,2006,0.316969,0.525842,4.504,-2.043127,0.563,0.0363698,0.00254476,0.000454341,0.057989,0.291634,81.051732,1129.378,0.872356,7.472,-3.389486,0.934,0.0603364,0.00422168,0.000753738,0.096202,0.483812,134.462376,1873.604,64,-29.032,8,0.5168,0.03616,0.006456,0.824,4.144,1151.712,16048,13.169641,-3.629,-0.2344334,-0.01640308,-0.002928603,-0.373787,-1.879822,-522.445356,-7279.774,1,0.0646,0.00452,0.000807,0.103,0.518,143.964,2006,0.00417316,0.000291992,5.21E-05,0.0066538,0.0334628,9.3000744,129.5876,2.04E-05,3.65E-06,0.00046556,0.00234136,0.65071728,9.06712,6.51E-07,8.31E-05,0.000418026,0.116178948,1.618842,0.010609,0.053354,14.828292,206.618,0.268324,74.573352,1039.108,20725.6333,288791.784,4024036,39619.51564,-25472.26696,1,51
68,1,0.612,0.394,7,-5.723,1,0.0243,0.637,0,0.147,0.233,96.001,2006,0.374544,0.241128,4.284,-3.502476,0.612,0.0148716,0.389844,0,0.089964,0.142596,58.752612,1227.672,0.155236,2.758,-2.254862,0.394,0.0095742,0.250978,0,0.057918,0.091802,37.824394,790.364,49,-40.061,7,0.1701,4.459,0,1.029,1.631,672.007,14042,32.752729,-5.723,-0.1390689,-3.645551,0,-0.841281,-1.333459,-549.413723,-11480.338,1,0.0243,0.637,0,0.147,0.233,96.001,2006,0.00059049,0.0154791,0,0.0035721,0.0056619,2.3328243,48.7458,0.405769,0,0.093639,0.148421,61.152637,1277.822,0,0,0,0,0,0.021609,0.034251,14.112147,294.882,0.054289,22.368233,467.398,9216.192001,192578.006,4024036,-57330.96168,-25190.35976,1,47
69,1,0.483,0.751,4,-5.726,1,0.0365,0.00349,0,0.128,0.268,156.092,2006,0.233289,0.362733,1.932,-2.765658,0.483,0.0176295,0.00168567,0,0.061824,0.129444,75.392436,968.898,0.564001,3.004,-4.300226,0.751,0.0274115,0.00262099,0,0.096128,0.201268,117.225092,1506.506,16,-22.904,4,0.146,0.01396,0,0.512,1.072,624.368,8024,32.787076,-5.726,-0.208999,-0.01998374,0,-0.732928,-1.534568,-893.782792,-11486.356,1,0.0365,0.00349,0,0.128,0.268,156.092,2006,0.00133225,0.000127385,0,0.004672,0.009782,5.697358,73.219,1.22E-05,0,0.00044672,0.00093532,0.54476108,7.00094,0,0,0,0,0,0.016384,0.034304,19.979776,256.768,0.071824,41.832656,537.608,24364.71246,313120.552,4024036,64143.74155,-24409.68544,1,45
70,1,0.459,0.753,10,-3.827,1,0.0537,0.0402,0,0.0863,0.483,199.997,2006,0.210681,0.345627,4.59,-1.756593,0.459,0.0246483,0.0184518,0,0.0396117,0.221697,91.798623,920.754,0.567009,7.53,-2.881731,0.753,0.0404361,0.0302706,0,0.0649839,0.363699,150.597741,1510.518,100,-38.27,10,0.537,0.402,0,0.863,4.83,1999.97,20060,14.645929,-3.827,-0.2055099,-0.1538454,0,-0.3302701,-1.848441,-765.388519,-7676.962,1,0.0537,0.0402,0,0.0863,0.483,199.997,2006,0.00288369,0.00215874,0,0.00463431,0.0259371,10.7398389,107.7222,0.00161604,0,0.00346926,0.0194166,8.0398794,80.6412,0,0,0,0,0,0.00744769,0.0416829,17.2597411,173.1178,0.233289,96.598551,968.898,39998.80001,401193.982,4024036,153549.2597,-25237.22393,1,48
71,1,0.452,0.544,4,-5.423,1,0.0277,0.0631,5.33E-06,0.104,0.158,133.042,2009,0.204304,0.245888,1.808,-2.451196,0.452,0.0125204,0.0285212,2.41E-06,0.047008,0.071416,60.134984,908.068,0.295936,2.176,-2.950112,0.544,0.0150688,0.0343264,2.90E-06,0.056576,0.085952,72.374848,1092.896,16,-21.692,4,0.1108,0.2524,2.13E-05,0.416,0.632,532.168,8036,29.408929,-5.423,-0.1502171,-0.3421913,-2.89E-05,-0.563992,-0.856834,-721.486766,-10894.807,1,0.0277,0.0631,5.33E-06,0.104,0.158,133.042,2009,0.00076729,0.00174787,1.48E-07,0.0028808,0.0043766,3.6852634,55.6493,0.00398161,3.36E-07,0.0065624,0.0099698,8.3949502,126.7679,2.84E-11,5.54E-07,8.42E-07,0.000709114,0.01070797,0.010816,0.016432,13.836368,208.936,0.024964,21.020636,317.422,17700.17376,267281.378,4036081,17818.77746,-12709.5646,1,58
72,1,0.52,0.716,7,-4.47,1,0.0314,0.0282,5.97E-06,0.191,0.357,79.026,2010,0.2704,0.37232,3.64,-2.3244,0.52,0.016328,0.014664,3.10E-06,0.09932,0.18564,41.09352,1045.2,0.512656,5.012,-3.20052,0.716,0.0224824,0.0201912,4.27E-06,0.136756,0.255612,56.582616,1439.16,49,-31.29,7,0.2198,0.1974,4.18E-05,1.337,2.499,553.182,14070,19.9809,-4.47,-0.140358,-0.126054,-2.67E-05,-0.85377,-1.59579,-353.24622,-8984.7,1,0.0314,0.0282,5.97E-06,0.191,0.357,79.026,2010,0.00098596,0.00088548,1.87E-07,0.0059974,0.0112098,2.4814164,63.114,0.00079524,1.68E-07,0.0053862,0.0100674,2.2285332,56.682,3.56E-11,1.14E-06,2.13E-06,0.000471785,0.0119997,0.036481,0.068187,15.093966,383.91,0.127449,28.212282,717.57,6245.108676,158842.26,4040100,-91159.81602,-9685.779723,1,0
73,1,0.472,0.3,7,-10.807,1,0.028,0.883,1.04E-05,0.0698,0.289,144.317,2012,0.222784,0.1416,3.304,-5.100904,0.472,0.013216,0.416776,4.91E-06,0.0329456,0.136408,68.117624,949.664,0.09,2.1,-3.2421,0.3,0.0084,0.2649,3.12E-06,0.02094,0.0867,43.2951,603.6,49,-75.649,7,0.196,6.181,7.28E-05,0.4886,2.023,1010.219,14084,116.791249,-10.807,-0.302596,-9.542581,-0.000112393,-0.7543286,-3.123223,-1559.633819,-21743.684,1,0.028,0.883,1.04E-05,0.0698,0.289,144.317,2012,0.000784,0.024724,2.91E-07,0.0019544,0.008092,4.040876,56.336,0.779689,9.18E-06,0.0616334,0.255187,127.431911,1776.596,1.08E-10,7.26E-07,3.01E-06,0.001500897,0.0209248,0.00487204,0.0201722,10.0733266,140.4376,0.083521,41.707613,581.468,20827.39649,290365.804,4048144,40943.42669,268.589309,1,66
74,1,0.598,0.724,7,-7.226,1,0.0344,0.00667,0.00187,0.0839,0.299,137.116,2012,0.357604,0.432952,4.186,-4.321148,0.598,0.0205712,0.00398866,0.00111826,0.0501722,0.178802,81.995368,1203.176,0.524176,5.068,-5.231624,0.724,0.0249056,0.00482908,0.00135388,0.0607436,0.216476,99.271984,1456.688,49,-50.582,7,0.2408,0.04669,0.01309,0.5873,2.093,959.812,14084,52.215076,-7.226,-0.2485744,-0.04819742,-0.01351262,-0.6062614,-2.160574,-990.800216,-14538.712,1,0.0344,0.00667,0.00187,0.0839,0.299,137.116,2012,0.00118336,0.000229448,6.43E-05,0.00288616,0.0102856,4.7167904,69.2128,4.45E-05,1.25E-05,0.000559613,0.00199433,0.91456372,13.42004,3.50E-06,0.000156893,0.00055913,0.25640692,3.76244,0.00703921,0.0250861,11.5040324,168.8068,0.089401,40.997684,601.588,18800.79746,275877.392,4048144,26418.70706,-645.3135522,1,51
75,1,0.709,0.609,6,-6.988,1,0.0382,0.00162,0.000248,0.0864,0.694,135.009,2013,0.502681,0.431781,4.254,-4.954492,0.709,0.0270838,0.00114858,0.000175832,0.0612576,0.492046,95.721381,1427.217,0.370881,3.654,-4.255692,0.609,0.0232638,0.00098658,0.000151032,0.0526176,0.422646,82.220481,1225.917,36,-41.928,6,0.2292,0.00972,0.001488,0.5184,4.164,810.054,12078,48.832144,-6.988,-0.2669416,-0.01132056,-0.001733024,-0.6037632,-4.849672,-943.442892,-14066.844,1,0.0382,0.00162,0.000248,0.0864,0.694,135.009,2013,0.00145924,6.19E-05,9.47E-06,0.00330048,0.0265108,5.1573438,76.8966,2.62E-06,4.02E-07,0.000139968,0.00112428,0.21871458,3.26106,6.15E-08,2.14E-05,0.000172112,0.033482232,0.499224,0.00746496,0.0599616,11.6647776,173.9232,0.481636,93.696246,1397.022,18227.43008,271773.117,4052169,22271.00668,3393.010538,1,0
76,1,0.521,0.702,0,-5.189,1,0.0331,0.189,0,0.0962,0.25,127.976,2009,0.271441,0.365742,0,-2.703469,0.521,0.0172451,0.098469,0,0.0501202,0.13025,66.675496,1046.689,0.492804,0,-3.642678,0.702,0.0232362,0.132678,0,0.0675324,0.1755,89.839152,1410.318,0,0,0,0,0,0,0,0,0,0,26.925721,-5.189,-0.1717559,-0.980721,0,-0.4991818,-1.29725,-664.067464,-10424.701,1,0.0331,0.189,0,0.0962,0.25,127.976,2009,0.00109561,0.0062559,0,0.00318422,0.008275,4.2360056,66.4979,0.035721,0,0.0181818,0.04725,24.187464,379.701,0,0,0,0,0,0.00925444,0.02405,12.3112912,193.2658,0.0625,31.994,502.25,16377.85658,257103.784,4036081,7553.839697,-12328.57511,1,67
77,1,0.477,0.79,2,-5.348,1,0.0394,0.0261,0,0.0841,0.505,157.797,2013,0.227529,0.37683,0.954,-2.550996,0.477,0.0187938,0.0124497,0,0.0401157,0.240885,75.269169,960.201,0.6241,1.58,-4.22492,0.79,0.031126,0.020619,0,0.066439,0.39895,124.65963,1590.27,4,-10.696,2,0.0788,0.0522,0,0.1682,1.01,315.594,4026,28.601104,-5.348,-0.2107112,-0.1395828,0,-0.4497668,-2.70074,-843.898356,-10765.524,1,0.0394,0.0261,0,0.0841,0.505,157.797,2013,0.00155236,0.00102834,0,0.00331354,0.019897,6.2172018,79.3122,0.00068121,0,0.00219501,0.0131805,4.1185017,52.5393,0,0,0,0,0,0.00707281,0.0424705,13.2707277,169.2933,0.255025,79.687485,1016.565,24899.89321,317645.361,4052169,68652.35759,3640.339298,1,45
78,1,0.677,0.722,7,-7.088,1,0.0522,0.0213,0,0.207,0.0483,125.091,2012,0.458329,0.488794,4.739,-4.798576,0.677,0.0353394,0.0144201,0,0.140139,0.0326991,84.686607,1362.124,0.521284,5.054,-5.117536,0.722,0.0376884,0.0153786,0,0.149454,0.0348726,90.315702,1452.664,49,-49.616,7,0.3654,0.1491,0,1.449,0.3381,875.637,14084,50.239744,-7.088,-0.3699936,-0.1509744,0,-1.467216,-0.3423504,-886.645008,-14261.056,1,0.0522,0.0213,0,0.207,0.0483,125.091,2012,0.00272484,0.00111186,0,0.0108054,0.00252126,6.5297502,105.0264,0.00045369,0,0.0044091,0.00102879,2.6644383,42.8556,0,0,0,0,0,0.042849,0.0099981,25.893837,416.484,0.00233289,6.0418953,97.1796,15647.75828,251683.092,4048144,2025.900683,-764.9073993,1,58
79,1,0.735,0.451,0,-8.374,1,0.0585,0.0631,1.30E-05,0.325,0.0862,117.973,2016,0.540225,0.331485,0,-6.15489,0.735,0.0429975,0.0463785,9.56E-06,0.238875,0.063357,86.710155,1481.76,0.203401,0,-3.776674,0.451,0.0263835,0.0284581,5.86E-06,0.146575,0.0388762,53.205823,909.216,0,0,0,0,0,0,0,0,0,0,70.123876,-8.374,-0.489879,-0.5283994,-0.000108862,-2.72155,-0.7218388,-987.905902,-16881.984,1,0.0585,0.0631,1.30E-05,0.325,0.0862,117.973,2016,0.00342225,0.00369135,7.61E-07,0.0190125,0.0050427,6.9014205,117.936,0.00398161,8.20E-07,0.0205075,0.00543922,7.4440963,127.2096,1.69E-10,4.23E-06,1.12E-06,0.001533649,0.026208,0.105625,0.028015,38.341225,655.2,0.00743044,10.1692726,173.7792,13917.62873,237833.568,4064256,-12013.09608,16297.23572,1,78
80,1,0.789,0.634,7,-4.762,1,0.0323,0.0348,1.64E-06,0.302,0.658,116.992,2014,0.622521,0.500226,5.523,-3.757218,0.789,0.0254847,0.0274572,1.29E-06,0.238278,0.519162,92.306688,1589.046,0.401956,4.438,-3.019108,0.634,0.0204782,0.0220632,1.04E-06,0.191468,0.417172,74.172928,1276.876,49,-33.334,7,0.2261,0.2436,1.15E-05,2.114,4.606,818.944,14098,22.676644,-4.762,-0.1538126,-0.1657176,-7.81E-06,-1.438124,-3.133396,-557.115904,-9590.668,1,0.0323,0.0348,1.64E-06,0.302,0.658,116.992,2014,0.00104329,0.00112404,5.30E-08,0.0097546,0.0212534,3.7788416,65.0522,0.00121104,5.71E-08,0.0105096,0.0228984,4.0713216,70.0872,2.69E-12,4.95E-07,1.08E-06,0.000191867,0.00330296,0.091204,0.198716,35.331584,608.228,0.432964,76.980736,1325.212,13687.12806,235621.888,4056196,-14104.18733,6604.553271,1,53
81,1,0.76,0.703,5,-5.412,1,0.054,0.103,0,0.0913,0.57,95.997,2014,0.5776,0.53428,3.8,-4.11312,0.76,0.04104,0.07828,0,0.069388,0.4332,72.95772,1530.64,0.494209,3.515,-3.804636,0.703,0.037962,0.072409,0,0.0641839,0.40071,67.485891,1415.842,25,-27.06,5,0.27,0.515,0,0.4565,2.85,479.985,10070,29.289744,-5.412,-0.292248,-0.557436,0,-0.4941156,-3.08484,-519.535764,-10899.768,1,0.054,0.103,0,0.0913,0.57,95.997,2014,0.002916,0.005562,0,0.0049302,0.03078,5.183838,108.756,0.010609,0,0.0094039,0.05871,9.887691,207.442,0,0,0,0,0,0.00833569,0.052041,8.7645261,183.8782,0.3249,54.71829,1147.98,9215.424009,193337.958,4056196,-56631.74632,6850.031491,1,60
82,1,0.588,0.791,7,-5.595,1,0.0402,0.00245,0.00258,0.118,0.487,94.933,2014,0.345744,0.465108,4.116,-3.28986,0.588,0.0236376,0.0014406,0.00151704,0.069384,0.286356,55.820604,1184.232,0.625681,5.537,-4.425645,0.791,0.0317982,0.00193795,0.00204078,0.093338,0.385217,75.092003,1593.074,49,-39.165,7,0.2814,0.01715,0.01806,0.826,3.409,664.531,14098,31.304025,-5.595,-0.224919,-0.01370775,-0.0144351,-0.66021,-2.724765,-531.150135,-11268.33,1,0.0402,0.00245,0.00258,0.118,0.487,94.933,2014,0.00161604,9.85E-05,0.000103716,0.0047436,0.0195774,3.8163066,80.9628,6.00E-06,6.32E-06,0.0002891,0.00119315,0.23258585,4.9343,6.66E-06,0.00030444,0.00125646,0.24492714,5.19612,0.013924,0.057466,11.202094,237.652,0.237169,46.232371,980.818,9012.274489,191195.062,4056196,-58782.48775,6646.966226,1,58
83,1,0.553,0.841,7,-6.937,1,0.0396,0.000743,1.19E-05,0.341,0.338,92.008,2014,0.305809,0.465073,3.871,-3.836161,0.553,0.0218988,0.000410879,6.58E-06,0.188573,0.186914,50.880424,1113.742,0.707281,5.887,-5.834017,0.841,0.0333036,0.000624863,1.00E-05,0.286781,0.284258,77.378728,1693.774,49,-48.559,7,0.2772,0.005201,8.33E-05,2.387,2.366,644.056,14098,48.121969,-6.937,-0.2747052,-0.005154191,-8.26E-05,-2.365517,-2.344706,-638.259496,-13971.118,1,0.0396,0.000743,1.19E-05,0.341,0.338,92.008,2014,0.00156816,2.94E-05,4.71E-07,0.0135036,0.0133848,3.6435168,79.7544,5.52E-07,8.84E-09,0.000253363,0.000251134,0.068361944,1.496402,1.42E-10,4.06E-06,4.02E-06,0.001094895,0.0239666,0.116281,0.115258,31.374728,686.774,0.114244,31.098704,680.732,8465.472064,185304.112,4056196,-64731.6189,6946.469367,1,56
84,1,0.605,0.725,5,-5.729,1,0.0323,0.00201,2.02E-05,0.101,0.539,96.97,2014,0.366025,0.438625,3.025,-3.466045,0.605,0.0195415,0.00121605,1.22E-05,0.061105,0.326095,58.66685,1218.47,0.525625,3.625,-4.153525,0.725,0.0234175,0.00145725,1.46E-05,0.073225,0.390775,70.30325,1460.15,25,-28.645,5,0.1615,0.01005,0.000101,0.505,2.695,484.85,10070,32.821441,-5.729,-0.1850467,-0.01151529,-0.000115726,-0.578629,-3.087931,-555.54113,-11538.206,1,0.0323,0.00201,2.02E-05,0.101,0.539,96.97,2014,0.00104329,6.49E-05,6.52E-07,0.0032623,0.0174097,3.132131,65.0522,4.04E-06,4.06E-08,0.00020301,0.00108339,0.1949097,4.04814,4.08E-10,2.04E-06,1.09E-05,0.001958794,0.0406828,0.010201,0.054439,9.79397,203.414,0.290521,52.26683,1085.546,9403.1809,195297.58,4056196,-54672.47428,6930.48525,1,53
85,1,0.647,0.8,7,-5.384,1,0.165,0.0647,0,0.334,0.942,160.078,2014,0.418609,0.5176,4.529,-3.483448,0.647,0.106755,0.0418609,0,0.216098,0.609474,103.570466,1303.058,0.64,5.6,-4.3072,0.8,0.132,0.05176,0,0.2672,0.7536,128.0624,1611.2,49,-37.688,7,1.155,0.4529,0,2.338,6.594,1120.546,14098,28.987456,-5.384,-0.88836,-0.3483448,0,-1.798256,-5.071728,-861.859952,-10843.376,1,0.165,0.0647,0,0.334,0.942,160.078,2014,0.027225,0.0106755,0,0.05511,0.15543,26.41287,332.31,0.00418609,0,0.0216098,0.0609474,10.3570466,130.3058,0,0,0,0,0,0.111556,0.314628,53.466052,672.676,0.887364,150.793476,1897.188,25624.96608,322397.092,4056196,73459.86105,7066.851704,1,58
86,1,0.653,0.893,0,-5.966,1,0.0538,0.0158,4.95E-05,0.102,0.513,118.035,2014,0.426409,0.583129,0,-3.895798,0.653,0.0351314,0.0103174,3.23E-05,0.066606,0.334989,77.076855,1315.142,0.797449,0,-5.327638,0.893,0.0480434,0.0141094,4.42E-05,0.091086,0.458109,105.405255,1798.502,0,0,0,0,0,0,0,0,0,0,35.593156,-5.966,-0.3209708,-0.0942628,-0.000295317,-0.608532,-3.060558,-704.19681,-12015.524,1,0.0538,0.0158,4.95E-05,0.102,0.513,118.035,2014,0.00289444,0.00085004,2.66E-06,0.0054876,0.0275994,6.350283,108.3532,0.00024964,7.82E-07,0.0016116,0.0081054,1.864953,31.8212,2.45E-09,5.05E-06,2.54E-05,0.005842732,0.099693,0.010404,0.052326,12.03957,205.428,0.263169,60.551955,1033.182,13932.26122,237722.49,4056196,-12037.90764,7727.530255,1,51
87,1,0.646,0.794,7,-6.104,1,0.19,0.0885,6.16E-06,0.201,0.287,170.216,2014,0.417316,0.512924,4.522,-3.943184,0.646,0.12274,0.057171,3.98E-06,0.129846,0.185402,109.959536,1301.044,0.630436,5.558,-4.846576,0.794,0.15086,0.070269,4.89E-06,0.159594,0.227878,135.151504,1599.116,49,-42.728,7,1.33,0.6195,4.31E-05,1.407,2.009,1191.512,14098,37.258816,-6.104,-1.15976,-0.540204,-3.76E-05,-1.226904,-1.751848,-1038.998464,-12293.456,1,0.19,0.0885,6.16E-06,0.201,0.287,170.216,2014,0.0361,0.016815,1.17E-06,0.03819,0.05453,32.34104,382.66,0.00783225,5.45E-07,0.0177885,0.0253995,15.064116,178.239,3.79E-11,1.24E-06,1.77E-06,0.001048531,0.01240624,0.040401,0.057687,34.213416,404.814,0.082369,48.851992,578.018,28973.48666,342815.024,4056196,94116.54957,7316.183781,1,53
88,1,0.55,0.688,8,-7.416,1,0.0897,0.0692,0.00144,0.106,0.465,139.997,2014,0.3025,0.3784,4.4,-4.0788,0.55,0.049335,0.03806,0.000792,0.0583,0.25575,76.99835,1107.7,0.473344,5.504,-5.102208,0.688,0.0617136,0.0476096,0.00099072,0.072928,0.31992,96.317936,1385.632,64,-59.328,8,0.7176,0.5536,0.01152,0.848,3.72,1119.976,16112,54.997056,-7.416,-0.6652152,-0.5131872,-0.01067904,-0.786096,-3.44844,-1038.217752,-14935.824,1,0.0897,0.0692,0.00144,0.106,0.465,139.997,2014,0.00804609,0.00620724,0.000129168,0.0095082,0.0417105,12.5577309,180.6558,0.00478864,9.96E-05,0.0073352,0.032178,9.6877924,139.3688,2.07E-06,0.00015264,0.0006696,0.20159568,2.90016,0.011236,0.04929,14.839682,213.484,0.216225,65.098605,936.51,19599.16001,281953.958,4056196,32528.59425,7285.435973,1,57
89,1,0.765,0.656,5,-6.112,1,0.0504,0.00364,0.00868,0.0918,0.545,119.997,2014,0.585225,0.50184,3.825,-4.67568,0.765,0.038556,0.0027846,0.0066402,0.070227,0.416925,91.797705,1540.71,0.430336,3.28,-4.009472,0.656,0.0330624,0.00238784,0.00569408,0.0602208,0.35752,78.718032,1321.184,25,-30.56,5,0.252,0.0182,0.0434,0.459,2.725,599.985,10070,37.356544,-6.112,-0.3080448,-0.02224768,-0.05305216,-0.5610816,-3.33104,-733.421664,-12309.568,1,0.0504,0.00364,0.00868,0.0918,0.545,119.997,2014,0.00254016,0.000183456,0.000437472,0.00462672,0.027468,6.0478488,101.5056,1.32E-05,3.16E-05,0.000334152,0.0019838,0.43678908,7.33096,7.53E-05,0.000796824,0.0047306,1.04157396,17.48152,0.00842724,0.050031,11.0157246,184.8852,0.297025,65.398365,1097.63,14399.28001,241673.958,4056196,-8053.134663,7186.092745,1,52
90,1,0.481,0.435,4,-8.795,1,0.0321,0.678,0,0.0928,0.107,143.95,2014,0.231361,0.209235,1.924,-4.230395,0.481,0.0154401,0.326118,0,0.0446368,0.051467,69.23995,968.734,0.189225,1.74,-3.825825,0.435,0.0139635,0.29493,0,0.040368,0.046545,62.61825,876.09,16,-35.18,4,0.1284,2.712,0,0.3712,0.428,575.8,8056,77.352025,-8.795,-0.2823195,-5.96301,0,-0.816176,-0.941065,-1266.04025,-17713.13,1,0.0321,0.678,0,0.0928,0.107,143.95,2014,0.00103041,0.0217638,0,0.00297888,0.0034347,4.620795,64.6494,0.459684,0,0.0629184,0.072546,97.5981,1365.492,0,0,0,0,0,0.00861184,0.0099296,13.35856,186.8992,0.011449,15.40265,215.498,20721.6025,289915.3,4056196,40517.81999,8121.864161,1,51
91,1,0.602,0.755,0,-4.991,1,0.071,0.245,0,0.178,0.495,159.965,2014,0.362404,0.45451,0,-3.004582,0.602,0.042742,0.14749,0,0.107156,0.29799,96.29893,1212.428,0.570025,0,-3.768205,0.755,0.053605,0.184975,0,0.13439,0.373725,120.773575,1520.57,0,0,0,0,0,0,0,0,0,0,24.910081,-4.991,-0.354361,-1.222795,0,-0.888398,-2.470545,-798.385315,-10051.874,1,0.071,0.245,0,0.178,0.495,159.965,2014,0.005041,0.017395,0,0.012638,0.035145,11.357515,142.994,0.060025,0,0.04361,0.121275,39.191425,493.43,0,0,0,0,0,0.031684,0.08811,28.47377,358.492,0.245025,79.182675,996.93,25588.80123,322169.51,4056196,73223.6112,7803.051675,1,51
92,1,0.815,0.377,4,-7.754,1,0.0346,0.232,0,0.1,0.211,103.97,2014,0.664225,0.307255,3.26,-6.31951,0.815,0.028199,0.18908,0,0.0815,0.171965,84.73555,1641.41,0.142129,1.508,-2.923258,0.377,0.0130442,0.087464,0,0.0377,0.079547,39.19669,759.278,16,-31.016,4,0.1384,0.928,0,0.4,0.844,415.88,8056,60.124516,-7.754,-0.2682884,-1.798928,0,-0.7754,-1.636094,-806.18338,-15616.556,1,0.0346,0.232,0,0.1,0.211,103.97,2014,0.00119716,0.0080272,0,0.00346,0.0073006,3.597362,69.6844,0.053824,0,0.0232,0.048952,24.12104,467.248,0,0,0,0,0,0.01,0.0211,10.397,201.4,0.044521,21.93767,424.954,10809.7609,209395.58,4056196,-40572.03242,7586.505179,1,54
93,1,0.422,0.692,3,-5.447,1,0.0549,0.0493,2.57E-05,0.177,0.197,184.014,2014,0.178084,0.292024,1.266,-2.298634,0.422,0.0231678,0.0208046,1.08E-05,0.074694,0.083134,77.653908,849.908,0.478864,2.076,-3.769324,0.692,0.0379908,0.0341156,1.78E-05,0.122484,0.136324,127.337688,1393.688,9,-16.341,3,0.1647,0.1479,7.71E-05,0.531,0.591,552.042,6042,29.669809,-5.447,-0.2990403,-0.2685371,-0.000139988,-0.964119,-1.073059,-1002.324258,-10970.258,1,0.0549,0.0493,2.57E-05,0.177,0.197,184.014,2014,0.00301401,0.00270657,1.41E-06,0.0097173,0.0108153,10.1023686,110.5686,0.00243049,1.27E-06,0.0087261,0.0097121,9.0718902,99.2902,6.60E-10,4.55E-06,5.06E-06,0.00472916,0.0517598,0.031329,0.034869,32.570478,356.478,0.038809,36.250758,396.758,33861.1522,370604.196,4056196,122308.0605,7737.461658,1,55
94,1,0.474,0.48,2,-8.894,1,0.0622,0.707,0.000108,0.0903,0.319,170.109,2014,0.224676,0.22752,0.948,-4.215756,0.474,0.0294828,0.335118,5.12E-05,0.0428022,0.151206,80.631666,954.636,0.2304,0.96,-4.26912,0.48,0.029856,0.33936,5.18E-05,0.043344,0.15312,81.65232,966.72,4,-17.788,2,0.1244,1.414,0.000216,0.1806,0.638,340.218,4028,79.103236,-8.894,-0.5532068,-6.288058,-0.000960552,-0.8031282,-2.837186,-1512.949446,-17912.516,1,0.0622,0.707,0.000108,0.0903,0.319,170.109,2014,0.00386884,0.0439754,6.72E-06,0.00561666,0.0198418,10.5807798,125.2708,0.499849,7.64E-05,0.0638421,0.225533,120.267063,1423.898,1.17E-08,9.75E-06,3.45E-05,0.018371772,0.217512,0.00815409,0.0288057,15.3608427,181.8642,0.101761,54.264771,642.466,28937.07188,342599.526,4056196,93806.71777,8579.82491,1,56
95,1,0.633,0.889,5,-5.87,1,0.0715,0.00463,0.000458,0.0658,0.584,121.956,2014,0.400689,0.562737,3.165,-3.71571,0.633,0.0452595,0.00293079,0.000289914,0.0416514,0.369672,77.198148,1274.862,0.790321,4.445,-5.21843,0.889,0.0635635,0.00411607,0.000407162,0.0584962,0.519176,108.418884,1790.446,25,-29.35,5,0.3575,0.02315,0.00229,0.329,2.92,609.78,10070,34.4569,-5.87,-0.419705,-0.0271781,-0.00268846,-0.386246,-3.42808,-715.88172,-11822.18,1,0.0715,0.00463,0.000458,0.0658,0.584,121.956,2014,0.00511225,0.000331045,3.27E-05,0.0047047,0.041756,8.719854,144.001,2.14E-05,2.12E-06,0.000304654,0.00270392,0.56465628,9.32482,2.10E-07,3.01E-05,0.000267472,0.055855848,0.922412,0.00432964,0.0384272,8.0247048,132.5212,0.341056,71.222304,1176.176,14873.26594,245619.384,4056196,-4072.108036,7139.926552,1,58
96,1,0.483,0.548,4,-6.291,1,0.0254,0.00471,2.01E-06,0.0997,0.217,79.926,2012,0.233289,0.264684,1.932,-3.038553,0.483,0.0122682,0.00227493,9.71E-07,0.0481551,0.104811,38.604258,971.796,0.300304,2.192,-3.447468,0.548,0.0139192,0.00258108,1.10E-06,0.0546356,0.118916,43.799448,1102.576,16,-25.164,4,0.1016,0.01884,8.04E-06,0.3988,0.868,319.704,8048,39.576681,-6.291,-0.1597914,-0.02963061,-1.26E-05,-0.6272127,-1.365147,-502.814466,-12657.492,1,0.0254,0.00471,2.01E-06,0.0997,0.217,79.926,2012,0.00064516,0.000119634,5.11E-08,0.00253238,0.0055118,2.0301204,51.1048,2.22E-05,9.47E-09,0.000469587,0.00102207,0.37645146,9.47652,4.04E-12,2.00E-07,4.36E-07,0.000160651,0.00404412,0.00994009,0.0216349,7.9686222,200.5964,0.047089,17.343942,436.604,6388.165476,160811.112,4048144,-89261.62121,-916.1200192,1,54
97,1,0.733,0.59,5,-5.86,1,0.0284,0.272,0,0.136,0.633,125.048,2012,0.537289,0.43247,3.665,-4.29538,0.733,0.0208172,0.199376,0,0.099688,0.463989,91.660184,1474.796,0.3481,2.95,-3.4574,0.59,0.016756,0.16048,0,0.08024,0.37347,73.77832,1187.08,25,-29.3,5,0.142,1.36,0,0.68,3.165,625.24,10060,34.3396,-5.86,-0.166424,-1.59392,0,-0.79696,-3.70938,-732.78128,-11790.32,1,0.0284,0.272,0,0.136,0.633,125.048,2012,0.00080656,0.0077248,0,0.0038624,0.0179772,3.5513632,57.1408,0.073984,0,0.036992,0.172176,34.013056,547.264,0,0,0,0,0,0.018496,0.086088,17.006528,273.632,0.400689,79.155384,1273.596,15637.0023,251596.576,4048144,1966.596606,-819.3859305,1,50
98,1,0.828,0.64,2,-8.248,1,0.0355,0.175,6.14E-05,0.0996,0.519,109.993,2012,0.685584,0.52992,1.656,-6.829344,0.828,0.029394,0.1449,5.08E-05,0.0824688,0.429732,91.074204,1665.936,0.4096,1.28,-5.27872,0.64,0.02272,0.112,3.93E-05,0.063744,0.33216,70.39552,1287.68,4,-16.496,2,0.071,0.35,0.0001228,0.1992,1.038,219.986,4024,68.029504,-8.248,-0.292804,-1.4434,-0.000506427,-0.8215008,-4.280712,-907.222264,-16594.976,1,0.0355,0.175,6.14E-05,0.0996,0.519,109.993,2012,0.00126025,0.0062125,2.18E-06,0.0035358,0.0184245,3.9047515,71.426,0.030625,1.07E-05,0.01743,0.090825,19.248775,352.1,3.77E-09,6.12E-06,3.19E-05,0.00675357,0.1235368,0.00992016,0.0516924,10.9553028,200.3952,0.269361,57.086367,1044.228,12098.46005,221305.916,4048144,-28598.16954,-0.443686269,1,49
99,1,0.678,0.902,1,-4.659,0,0.0358,0.113,0.000235,0.0722,0.637,124.998,2012,0.459684,0.611556,0.678,-3.158802,0,0.0242724,0.076614,0.00015933,0.0489516,0.431886,84.748644,1364.136,0.813604,0.902,-4.202418,0,0.0322916,0.101926,0.00021197,0.0651244,0.574574,112.748196,1814.824,1,-4.659,0,0.0358,0.113,0.000235,0.0722,0.637,124.998,2012,21.706281,0,-0.1667922,-0.526467,-0.001094865,-0.3363798,-2.967783,-582.365682,-9373.908,0,0,0,0,0,0,0,0,0.00128164,0.0040454,8.41E-06,0.00258476,0.0228046,4.4749284,72.0296,0.012769,2.66E-05,0.0081586,0.071981,14.124774,227.356,5.52E-08,1.70E-05,0.000149695,0.02937453,0.47282,0.00521284,0.0459914,9.0248556,145.2664,0.405769,79.623726,1281.644,15624.5,251495.976,4048144,1891.379806,-624.5355781,1,49
100,1,0.626,0.118,7,-15.91,1,0.0305,0.664,0.000169,0.127,0.0682,105.597,2012,0.391876,0.073868,4.382,-9.95966,0.626,0.019093,0.415664,0.000105794,0.079502,0.0426932,66.103722,1259.512,0.013924,0.826,-1.87738,0.118,0.003599,0.078352,1.99E-05,0.014986,0.0080476,12.460446,237.416,49,-111.37,7,0.2135,4.648,0.001183,0.889,0.4774,739.179,14084,253.1281,-15.91,-0.485255,-10.56424,-0.00268879,-2.02057,-1.085062,-1680.04827,-32010.92,1,0.0305,0.664,0.000169,0.127,0.0682,105.597,2012,0.00093025,0.020252,5.15E-06,0.0038735,0.0020801,3.2207085,61.366,0.440896,0.000112216,0.084328,0.0452848,70.116408,1335.968,2.86E-08,2.15E-05,1.15E-05,0.017845893,0.340028,0.016129,0.0086614,13.410819,255.524,0.00465124,7.2017154,137.2184,11150.72641,212461.164,4048144,-37694.66045,1210.054867,1,51
101,1,0.62,0.506,7,-7.327,1,0.0312,0.187,1.47E-05,0.102,0.275,126.015,2012,0.3844,0.31372,4.34,-4.54274,0.62,0.019344,0.11594,9.11E-06,0.06324,0.1705,78.1293,1247.44,0.256036,3.542,-3.707462,0.506,0.0157872,0.094622,7.44E-06,0.051612,0.13915,63.76359,1018.072,49,-51.289,7,0.2184,1.309,0.0001029,0.714,1.925,882.105,14084,53.684929,-7.327,-0.2286024,-1.370149,-0.000107707,-0.747354,-2.014925,-923.311905,-14741.924,1,0.0312,0.187,1.47E-05,0.102,0.275,126.015,2012,0.00097344,0.0058344,4.59E-07,0.0031824,0.00858,3.931668,62.7744,0.034969,2.75E-06,0.019074,0.051425,23.564805,376.244,2.16E-10,1.50E-06,4.04E-06,0.001852421,0.0295764,0.010404,0.02805,12.85353,205.224,0.075625,34.654125,553.3,15879.78023,253542.18,4048144,3891.465443,-699.5920316,1,53
102,1,0.613,0.764,2,-6.509,1,0.136,0.0527,0,0.197,0.417,160.015,2017,0.375769,0.468332,1.226,-3.990017,0.613,0.083368,0.0323051,0,0.120761,0.255621,98.089195,1236.421,0.583696,1.528,-4.972876,0.764,0.103904,0.0402628,0,0.150508,0.318588,122.25146,1540.988,4,-13.018,2,0.272,0.1054,0,0.394,0.834,320.03,4034,42.367081,-6.509,-0.885224,-0.3430243,0,-1.282273,-2.714253,-1041.537635,-13128.653,1,0.136,0.0527,0,0.197,0.417,160.015,2017,0.018496,0.0071672,0,0.026792,0.056712,21.76204,274.312,0.00277729,0,0.0103819,0.0219759,8.4327905,106.2959,0,0,0,0,0,0.038809,0.082149,31.522955,397.349,0.173889,66.726255,841.089,25604.80022,322750.255,4068289,73742.16415,19918.603,1,70
103,1,0.649,0.589,2,-6.237,1,0.0558,0.00845,0,0.108,0.151,159.073,2017,0.421201,0.382261,1.298,-4.047813,0.649,0.0362142,0.00548405,0,0.070092,0.097999,103.238377,1309.033,0.346921,1.178,-3.673593,0.589,0.0328662,0.00497705,0,0.063612,0.088939,93.693997,1188.013,4,-12.474,2,0.1116,0.0169,0,0.216,0.302,318.146,4034,38.900169,-6.237,-0.3480246,-0.05270265,0,-0.673596,-0.941787,-992.138301,-12580.029,1,0.0558,0.00845,0,0.108,0.151,159.073,2017,0.00311364,0.00047151,0,0.0060264,0.0084258,8.8762734,112.5486,7.14E-05,0,0.0009126,0.00127595,1.34416685,17.04365,0,0,0,0,0,0.011664,0.016308,17.179884,217.836,0.022801,24.020023,304.567,25304.21933,320850.241,4068289,71826.75604,19846.96052,1,70
104,1,0.696,0.602,0,-6.156,0,0.159,0.0679,2.11E-05,0.0696,0.305,82.989,2017,0.484416,0.418992,0,-4.284576,0,0.110664,0.0472584,1.47E-05,0.0484416,0.21228,57.760344,1403.832,0.362404,0,-3.705912,0,0.095718,0.0408758,1.27E-05,0.0418992,0.18361,49.959378,1214.234,0,0,0,0,0,0,0,0,0,0,37.896336,0,-0.978804,-0.4179924,-0.000129892,-0.4284576,-1.87758,-510.880284,-12416.652,0,0,0,0,0,0,0,0,0.025281,0.0107961,3.35E-06,0.0110664,0.048495,13.195251,320.703,0.00461041,1.43E-06,0.00472584,0.0207095,5.6349531,136.9543,4.45E-10,1.47E-06,6.44E-06,0.001751068,0.0425587,0.00484416,0.021228,5.7760344,140.3832,0.093025,25.311645,615.185,6887.174121,167388.813,4068289,-82717.39796,19531.00307,1,68
105,1,0.615,0.534,9,-6.719,0,0.0386,0.106,1.76E-05,0.0607,0.193,135.917,2017,0.378225,0.32841,5.535,-4.132185,0,0.023739,0.06519,1.08E-05,0.0373305,0.118695,83.588955,1240.455,0.285156,4.806,-3.587946,0,0.0206124,0.056604,9.40E-06,0.0324138,0.103062,72.579678,1077.078,81,-60.471,0,0.3474,0.954,0.0001584,0.5463,1.737,1223.253,18153,45.144961,0,-0.2593534,-0.712214,-0.000118254,-0.4078433,-1.296767,-913.226323,-13552.223,0,0,0,0,0,0,0,0,0.00148996,0.0040916,6.79E-07,0.00234302,0.0074498,5.2463962,77.8562,0.011236,1.87E-06,0.0064342,0.020458,14.407202,213.802,3.10E-10,1.07E-06,3.40E-06,0.002392139,0.0354992,0.00368449,0.0117151,8.2501619,122.4319,0.037249,26.231981,389.281,18473.43089,274144.589,4068289,24639.17494,18970.57921,1,67
106,1,0.75,0.404,9,-10.178,0,0.0682,0.216,0.000357,0.0911,0.0499,95.045,2017,0.5625,0.303,6.75,-7.6335,0,0.05115,0.162,0.00026775,0.068325,0.037425,71.28375,1512.75,0.163216,3.636,-4.111912,0,0.0275528,0.087264,0.000144228,0.0368044,0.0201596,38.39818,814.868,81,-91.602,0,0.6138,1.944,0.003213,0.8199,0.4491,855.405,18153,103.591684,0,-0.6941396,-2.198448,-0.003633546,-0.9272158,-0.5078822,-967.36801,-20529.026,0,0,0,0,0,0,0,0,0.00465124,0.0147312,2.43E-05,0.00621302,0.00340318,6.482069,137.5594,0.046656,7.71E-05,0.0196776,0.0107784,20.52972,435.672,1.27E-07,3.25E-05,1.78E-05,0.033931065,0.720069,0.00829921,0.00454589,8.6585995,183.7487,0.00249001,4.7427455,100.6483,9033.552025,191705.765,4068289,-58420.64531,19511.1,1,77
107,1,0.766,0.709,9,-6.471,0,0.123,0.204,1.41E-05,0.126,0.506,128.07,2017,0.586756,0.543094,6.894,-4.956786,0,0.094218,0.156264,1.08E-05,0.096516,0.387596,98.10162,1545.022,0.502681,6.381,-4.587939,0,0.087207,0.144636,1.00E-05,0.089334,0.358754,90.80163,1430.053,81,-58.239,0,1.107,1.836,0.0001269,1.134,4.554,1152.63,18153,41.873841,0,-0.795933,-1.320084,-9.12E-05,-0.815346,-3.274326,-828.74097,-13052.007,0,0,0,0,0,0,0,0,0.015129,0.025092,1.73E-06,0.015498,0.062238,15.75261,248.091,0.041616,2.88E-06,0.025704,0.103224,26.12628,411.468,1.99E-10,1.78E-06,7.13E-06,0.001805787,0.0284397,0.015876,0.063756,16.13682,254.142,0.256036,64.80342,1020.602,16401.9249,258317.19,4068289,8684.868475,18855.5186,1,70
108,1,0.574,0.61,2,-7.283,1,0.0732,0.122,1.10E-06,0.13,0.374,74.957,2017,0.329476,0.35014,1.148,-4.180442,0.574,0.0420168,0.070028,6.31E-07,0.07462,0.214676,43.025318,1157.758,0.3721,1.22,-4.44263,0.61,0.044652,0.07442,6.71E-07,0.0793,0.22814,45.72377,1230.37,4,-14.566,2,0.1464,0.244,2.20E-06,0.26,0.748,149.914,4034,53.042089,-7.283,-0.5331156,-0.888526,-8.01E-06,-0.94679,-2.723842,-545.911831,-14689.811,1,0.0732,0.122,1.10E-06,0.13,0.374,74.957,2017,0.00535824,0.0089304,8.05E-08,0.009516,0.0273768,5.4868524,147.6444,0.014884,1.34E-07,0.01586,0.045628,9.144754,246.074,1.21E-12,1.43E-07,4.11E-07,8.25E-05,0.0022187,0.0169,0.04862,9.74441,262.21,0.139876,28.033918,754.358,5618.551849,151188.269,4068289,-98973.54416,19496.36336,1,64
109,1,0.8,0.535,7,-6.684,1,0.135,0.0713,9.48E-06,0.213,0.451,92.027,2017,0.64,0.428,5.6,-5.3472,0.8,0.108,0.05704,7.58E-06,0.1704,0.3608,73.6216,1613.6,0.286225,3.745,-3.57594,0.535,0.072225,0.0381455,5.07E-06,0.113955,0.241285,49.234445,1079.095,49,-46.788,7,0.945,0.4991,6.64E-05,1.491,3.157,644.189,14119,44.675856,-6.684,-0.90234,-0.4765692,-6.34E-05,-1.423692,-3.014484,-615.108468,-13481.628,1,0.135,0.0713,9.48E-06,0.213,0.451,92.027,2017,0.018225,0.0096255,1.28E-06,0.028755,0.060885,12.423645,272.295,0.00508369,6.76E-07,0.0151869,0.0321563,6.5615251,143.8121,8.99E-11,2.02E-06,4.28E-06,0.000872416,0.01912116,0.045369,0.096063,19.601751,429.621,0.203401,41.504177,909.667,8468.968729,185618.459,4068289,-64436.81473,18879.18292,1,67
110,1,0.562,0.689,2,-6.745,1,0.127,0.00465,2.23E-06,0.0888,0.351,172.054,2017,0.315844,0.387218,1.124,-3.79069,0.562,0.071374,0.0026133,1.25E-06,0.0499056,0.197262,96.694348,1133.554,0.474721,1.378,-4.647305,0.689,0.087503,0.00320385,1.54E-06,0.0611832,0.241839,118.545206,1389.713,4,-13.49,2,0.254,0.0093,4.46E-06,0.1776,0.702,344.108,4034,45.495025,-6.745,-0.856615,-0.03136425,-1.50E-05,-0.598956,-2.367495,-1160.50423,-13604.665,1,0.127,0.00465,2.23E-06,0.0888,0.351,172.054,2017,0.016129,0.00059055,2.83E-07,0.0112776,0.044577,21.850858,256.159,2.16E-05,1.04E-08,0.00041292,0.00163215,0.8000511,9.37905,4.97E-12,1.98E-07,7.83E-07,0.00038368,0.00449791,0.00788544,0.0311688,15.2783952,179.1096,0.123201,60.390954,707.967,29602.57892,347032.918,4068289,98327.32639,20066.68357,1,67
111,1,0.675,0.703,0,-7.902,1,0.0382,0.00882,2.21E-06,0.0391,0.314,110.01,2017,0.455625,0.474525,0,-5.33385,0.675,0.025785,0.0059535,1.49E-06,0.0263925,0.21195,74.25675,1361.475,0.494209,0,-5.555106,0.703,0.0268546,0.00620046,1.55E-06,0.0274873,0.220742,77.33703,1417.951,0,0,0,0,0,0,0,0,0,0,62.441604,-7.902,-0.3018564,-0.06969564,-1.75E-05,-0.3089682,-2.481228,-869.29902,-15938.334,1,0.0382,0.00882,2.21E-06,0.0391,0.314,110.01,2017,0.00145924,0.000336924,8.44E-08,0.00149362,0.0119948,4.202382,77.0494,7.78E-05,1.95E-08,0.000344862,0.00276948,0.9702882,17.78994,4.88E-12,8.64E-08,6.94E-07,0.000243122,0.00445757,0.00152881,0.0122774,4.301391,78.8647,0.098596,34.54314,633.338,12102.2001,221890.17,4068289,-28049.89965,20124.47849,1,65
112,1,0.624,0.691,0,-6.686,0,0.196,0.0604,1.10E-05,0.138,0.284,160.024,2017,0.389376,0.431184,0,-4.172064,0,0.122304,0.0376896,6.86E-06,0.086112,0.177216,99.854976,1258.608,0.477481,0,-4.620026,0,0.135436,0.0417364,7.60E-06,0.095358,0.196244,110.576584,1393.747,0,0,0,0,0,0,0,0,0,0,44.702596,0,-1.310456,-0.4038344,-7.35E-05,-0.922668,-1.898824,-1069.920464,-13485.662,0,0,0,0,0,0,0,0,0.038416,0.0118384,2.16E-06,0.027048,0.055664,31.364704,395.332,0.00364816,6.64E-07,0.0083352,0.0171536,9.6654496,121.8268,1.21E-10,1.52E-06,3.12E-06,0.001760264,0.022187,0.019044,0.039192,22.083312,278.346,0.080656,45.446816,572.828,25607.68058,322768.408,4068289,73751.19603,20211.10637,1,64
113,1,0.719,0.469,0,-8.792,1,0.0533,0.0329,0,0.169,0.0851,120.085,2017,0.516961,0.337211,0,-6.321448,0.719,0.0383227,0.0236551,0,0.121511,0.0611869,86.341115,1450.223,0.219961,0,-4.123448,0.469,0.0249977,0.0154301,0,0.079261,0.0399119,56.319865,945.973,0,0,0,0,0,0,0,0,0,0,77.299264,-8.792,-0.4686136,-0.2892568,0,-1.485848,-0.7481992,-1055.78732,-17733.464,1,0.0533,0.0329,0,0.169,0.0851,120.085,2017,0.00284089,0.00175357,0,0.0090077,0.00453583,6.4005305,107.5061,0.00108241,0,0.0055601,0.00279979,3.9507965,66.3593,0,0,0,0,0,0.028561,0.0143819,20.294365,340.873,0.00724201,10.2192335,171.6467,14420.40722,242211.445,4068289,-7626.347086,20411.18823,1,65
114,1,0.567,0.789,5,-5.986,1,0.115,0.0156,0,0.382,0.438,163.96,2017,0.321489,0.447363,2.835,-3.394062,0.567,0.065205,0.0088452,0,0.216594,0.248346,92.96532,1143.639,0.622521,3.945,-4.722954,0.789,0.090735,0.0123084,0,0.301398,0.345582,129.36444,1591.413,25,-29.93,5,0.575,0.078,0,1.91,2.19,819.8,10085,35.832196,-5.986,-0.68839,-0.0933816,0,-2.286652,-2.621868,-981.46456,-12073.762,1,0.115,0.0156,0,0.382,0.438,163.96,2017,0.013225,0.001794,0,0.04393,0.05037,18.8554,231.955,0.00024336,0,0.0059592,0.0068328,2.557776,31.4652,0,0,0,0,0,0.145924,0.167316,62.63272,770.494,0.191844,71.81448,883.446,26882.8816,330707.32,4068289,81818.39154,19464.95073,1,64
115,1,0.598,0.504,9,-9.874,1,0.0731,0.186,0.000221,0.34,0.252,163.954,2017,0.357604,0.301392,5.382,-5.904652,0.598,0.0437138,0.111228,0.000132158,0.20332,0.150696,98.044492,1206.166,0.254016,4.536,-4.976496,0.504,0.0368424,0.093744,0.000111384,0.17136,0.127008,82.632816,1016.568,81,-88.866,9,0.6579,1.674,0.001989,3.06,2.268,1475.586,18153,97.495876,-9.874,-0.7217894,-1.836564,-0.002182154,-3.35716,-2.488248,-1618.881796,-19915.858,1,0.0731,0.186,0.000221,0.34,0.252,163.954,2017,0.00534361,0.0135966,1.62E-05,0.024854,0.0184212,11.9850374,147.4427,0.034596,4.11E-05,0.06324,0.046872,30.495444,375.162,4.88E-08,7.51E-05,5.57E-05,0.036233834,0.445757,0.1156,0.08568,55.74436,685.78,0.063504,41.316408,508.284,26880.91412,330695.218,4068289,81706.54703,19924.33581,1,66
116,1,0.661,0.151,0,-12.864,1,0.0354,0.921,0,0.13,0.23,94.922,2017,0.436921,0.099811,0,-8.503104,0.661,0.0233994,0.608781,0,0.08593,0.15203,62.743442,1333.237,0.022801,0,-1.942464,0.151,0.0053454,0.139071,0,0.01963,0.03473,14.333222,304.567,0,0,0,0,0,0,0,0,0,0,165.482496,-12.864,-0.4553856,-11.847744,0,-1.67232,-2.95872,-1221.076608,-25946.688,1,0.0354,0.921,0,0.13,0.23,94.922,2017,0.00125316,0.0326034,0,0.004602,0.008142,3.3602388,71.4018,0.848241,0,0.11973,0.21183,87.423162,1857.657,0,0,0,0,0,0.0169,0.0299,12.33986,262.21,0.0529,21.83206,463.91,9010.186084,191457.674,4068289,-58767.803,21212.72274,1,64